Rank,Name,Platform,Year,Genre,Publisher,Developer,Critic_Score,User_Score,NA_Sales,PAL_Sales,JP_Sales,Other_Sales,Global_Sales
39001,Major League Wizardry,PC,2014,Misc,Unknown  ,Unknown  ,,,,,,,
39002,Major League Wizardry,OSX,2014,Misc,Unknown  ,Unknown  ,,,,,,,
39003,Major League Wizardry,And,2014,Misc,Unknown  ,Unknown  ,,,,,,,
39004,Makai Hakkenden Shada,PCE,1989,Role-Playing,Data East  ,Data East  ,,,,,,,
39005,Makai Hakkenden Shada,VC,2007,Role-Playing,G-mode  ,Data East  ,,,,,,,
39006,Makai Ichiban Kan,PSV,2015,Misc,Compile Heart  ,Unknown  ,,,,,,,
39007,Makai Kingdom: Chronicles of the Sacred Tome,PSP,2011,Misc,Nippon Ichi Software  ,Unknown  ,,,,,,,
39008,Makai Prince Dorabocchan,PCE,1990,Platform,Naxat Soft  ,Naxat Soft  ,,,,,,,
39009,Makai Toushi SaGa,WS,2002,Role-Playing,Square  ,Aspect  ,,,,,,,
39010,Makaimura for WonderSwan,WS,1999,Platform,Bandai  ,Capcom  ,,,,,,,
39011,Makaimura Gaiden: The Demon Darkness,GB,1993,Adventure,Capcom  ,Capcom  ,,,,,,,
39012,Make 10,BRW,2011,Misc,Nekki  ,Unknown  ,,,,,,,
39013,Make It Indie!,Linux,2015,Adventure,Sometimes You  ,Sometimes You  ,,,,,,,
39014,Make It Indie!,OSX,2015,Adventure,Sometimes You  ,Sometimes You  ,,,,,,,
39015,Make It Indie!,PC,2015,Adventure,Sometimes You  ,Sometimes You  ,,,,,,,
39016,Make It Rain: The Love of Money,And,2014,Misc,"Space Inch, LLC  ",Unknown  ,,,,,,,
39017,Make Up & Style,DSiW,2011,Simulation,Unknown  ,Cypronia  ,4.0,,,,,,
39018,Maken X,DC,1999,Adventure,Atlus  ,Atlus Co.  ,7.9,,,,,,
39019,Makeruna! Makendou Z,PCFX,1998,Role-Playing,NEC  ,Fill In Cafe  ,,,,,,,
39020,Makichan to Nau.,PC,2011,Misc,Waffle  ,Waffle  ,,,,,,,
39021,MAKIVA,XBL,N/A,Strategy,Unknown  ,yuwaka  ,,,,,,,
39022,Maladras,XBL,2009,Puzzle,Microsoft  ,Vincentvsoolen  ,,,,,,,
39023,Malagai,2600,1983,Action,Answer Software  ,Answer Software  ,,,,,,,
39024,Maleficent Free Fall,PC,2014,Misc,Disney Interactive Studios  ,Unknown  ,,,,,,,
39025,Maleficent Free Fall,WinP,2014,Misc,Disney Interactive Studios  ,Unknown  ,,,,,,,
39026,Maleficent Free Fall,And,2014,Misc,Disney Interactive Studios  ,Unknown  ,,,,,,,
39027,Malibu Beach Volleyball,GB,1990,Sports,Activision  ,Tokyo Shoseki  ,,,,,,,
39028,Malibu Beach Volleyball,Lynx,1990,Sports,Atari  ,Atari  ,,,,,,,
39029,Malicious,PSN,2012,Action,Sony Computer Entertainment  ,Alvion Inc.  ,,,,,,,
39030,Malicious,PSV,N/A,Action,Unknown  ,Alvion  ,,,,,,,
39031,Mall of America Tycoon,PC,2004,Strategy,Activision  ,4HEAD Studios  ,,,,,,,
39032,Mall Tycoon 2,PC,2003,Strategy,Global Star Software  ,Fusion Digital  ,,,,,,,
39033,Mame Goma 3: Kawaii ga Ippai,DS,2010,Simulation,Columbia Music Entertainment  ,Columbia Music Entertainment  ,,,,,,,
39034,Mameshiba,3DS,2011,Action,Nippon Ichi Software  ,Nippon Columbia  ,,,,,,,
39035,Mamoru-kun wa Norowarete Shimatta! Meikai Katsugeki Wide-Han,PS3,2011,Shooter,CyberFront  ,Gulti  ,,,,,,,
39036,Mamotte Knight,XBL,N/A,Role-Playing,Unknown  ,Ancient Studio  ,,,,,,,
39037,Man Of Prey,PC,2009,Misc,Buka Entertainment  ,Unknown  ,,,,,,,
39038,Man of War II: Chains of Command,PC,1999,Strategy,GT Interactive  ,Strategy First  ,,,,,,,
39039,Man Overboard!,GEN,1994,Platform,Codemasters  ,Zeppelin Games  ,,,,,,,
39040,Man Vs Bee,GIZ,N/A,Action,Unknown  ,tritoneTech  ,,,,,,,
39041,Man Vs Snake,And,2013,Misc,Quikding  ,Unknown  ,,,,,,,
39042,Mana Crusher,And,2014,Misc,Little Worlds Studio  ,Unknown  ,,,,,,,
39043,Mana Khemia: Student Alliance,PSN,2009,Role-Playing,NIS America  ,Gust  ,,,,,,,
39044,Manepa 1000-Bannin no FX Training: Leverage Kisei Taiouban,DS,2010,Misc,Genki  ,Genki  ,,,,,,,
39045,Manga Ka Debut Monogatari DS: Akogare! Manga Ka Ikusei Game,DS,2005,Misc,TDK Core  ,TDK Core  ,,,,,,,
39046,Manga Ka Debut Monogatari: Akogare! Manga Ka Ikusei Game!,GBA,2002,Strategy,TDK Core  ,TDK Core  ,,,,,,,
39047,MANGA POKER,GIZ,N/A,Action,Unknown  ,BITWEEN S.R.L.  ,,,,,,,
39048,Mangia',2600,1983,Action,Spectravision  ,Spectravision  ,,,,,,,
39049,Manhunt 2,PSN,2009,Action,Rockstar Games  ,Rockstar London  ,,,,,,,
39050,Manhunt 2,PC,2009,Action,Rockstar Games  ,Rockstar London  ,,,,,,,
39051,Manhunter,PC,2013,Misc,Kiss  ,Unknown  ,,,,,,,
39052,Manhunter 2: San Francisco,PC,1989,Adventure,Sierra Entertainment  ,Evryware  ,,,,,,,
39053,Manhunter: New York,PC,1988,Adventure,Sierra Entertainment  ,Evryware  ,,,,,,,
39054,Mania,XBL,2009,Puzzle,Microsoft  ,Tower17Games  ,,,,,,,
39055,Maniac Mansion,NES,1990,Adventure,Jaleco  ,Lucasfilm Games  ,,,,,,,
39056,Maniac Mansion,PC,1987,Adventure,LucasArts  ,Lucasfilm Games  ,,,,,,,
39057,Maniac Mansion: Day of the Tentacle,PC,1993,Adventure,LucasArts  ,LucasArts  ,9.0,,,,,,
39058,Maniac Mansion: Day of the Tentacle,PS4,2017,Adventure,Double Fine Productions  ,LucasArts  ,,,,,,,
39059,Maniac Mansion: Day of the Tentacle,PSV,2017,Adventure,Double Fine Productions  ,LucasArts  ,,,,,,,
39060,Maniac Pro-Wrestling: Ashita e no Tatakai,PCE,1990,Fighting,Hudson Soft  ,Hudson Soft  ,,,,,,,
39061,Manic Marble,PSP,2011,Misc,Acquire  ,Unknown  ,,,,,,,
39062,Manic Marble 2,Wii,2012,Misc,D4 Enterprise  ,Unknown  ,,,,,,,
39063,Manic Marble 2,NG,1999,Misc,Trigger Apps  ,Unknown  ,,,,,,,
39064,Manic Marble 3,DSi,2013,Misc,CIRCLE Entertainment  ,Unknown  ,,,,,,,
39065,Manic Marble 3,3DS,2013,Misc,CIRCLE Entertainment  ,Unknown  ,,,,,,,
39066,Manic Miner,GBA,2002,Platform,Jester Interactive  ,Jester Interactive  ,,,,,,,
39067,Manic Monkey Mayhem,WW,2010,Action,The Code Monkeys  ,The Code Monkeys  ,,,,,,,
39068,Manic Monkey Mayhem,DSiW,N/A,Action,Unknown  ,The Code Monkeys  ,,,,,,,
39069,Manic Monkey Mayhem,PSN,2010,Action,The Code Monkeys  ,The Code Monkeys  ,,,,,,,
39070,Manic Pumpkin,3DS,2013,Misc,Bigben Interactive  ,Unknown  ,,,,,,,
39071,Mansion,DS,2011,Misc,Nexon  ,Unknown  ,,,,,,,
39072,Mansion of Hidden Souls,SCD,1993,Adventure,Victory Lap Games  ,System Sacom  ,,,,,,,
39073,Manx TT SuperBike,SAT,1997,Racing,Sega  ,Tantalus Interactive  ,,,,,,,
39074,Manx TT SuperBike,PC,1997,Racing,Sega  ,Psygnosis  ,,,,,,,
39075,MapleStory,PC,2005,Role-Playing,Nexon America  ,Wizet  ,,,,,,,
39076,MapleStory 2,PC,2015,Misc,Nexon  ,Unknown  ,,,,,,,
39077,MapleStory Cygnus Knights Edition,XBL,N/A,Role-Playing,Unknown  ,Nexon  ,,,,,,,
39078,MapleStory iTCG,PC,N/A,Strategy,Unknown  ,Nexon  ,,,,,,,
39079,MapleStory Thief Edition,XBL,N/A,Role-Playing,Unknown  ,Nexon  ,,,,,,,
39080,Maplus Portable Navi 4,PSV,N/A,Misc,Unknown  ,Edia Co.  ,,,,,,,
39081,MAPLUS: Portable Navi 2,PSP,2007,Misc,Edia  ,Edia Corporation  ,,,,,,,
39082,Mapmap! By Touchi Kentei,DSiW,2009,Puzzle,Spike  ,Spike  ,,,,,,,
39083,Mappy,GG,1991,Platform,Namco  ,Namco  ,,,,,,,
39084,Mappy,VC,2008,Platform,Namco Bandai  ,Namco  ,,,,,,,
39085,Mappy (Arcade),VC,2009,Platform,Namco Bandai  ,Namco  ,,,,,,,
39086,Mappy Kids,NES,1989,Platform,Namco  ,Namco  ,,,,,,,
39087,Mappy-Land,NES,1989,Platform,Taxan  ,Namco  ,,,,,,,
39088,Mar Heaven: Ärm Fight Dream,PS2,2005,Fighting,Konami  ,Konami  ,,,,,,,
39089,Mar Heaven: Boukyaku no Clavier,DS,2006,Role-Playing,Konami  ,Alpha Unit  ,,,,,,,
39090,Mar Heaven: Knockin' on Heaven's Door,GBA,2005,Role-Playing,Konami  ,Alpha Unit  ,,,,,,,
39091,Marathon 2: Durandal,OSX,1995,Shooter,Bungie Software  ,Bungie Software  ,,,,,,,
39092,Marathon Infinity,OSX,1996,Shooter,Bungie Software  ,Bungie Software  ,,,,,,,
39093,Marathon: Durandal,XBL,2007,Shooter,Microsoft Game Studios  ,Freeverse  ,,,,,,,
39094,Marauder,2600,1982,Action,Tigervision  ,Tigervision  ,,,,,,,
39095,Marble Arena 2,PC,2011,Misc,Unknown  ,Brightside Games  ,,,,,,,
39096,Marble Blast Ultra,XBL,2006,Puzzle,Microsoft  ,GarageGames.com  ,7.2,,,,,,
39097,Marble Chaos,PS2,2007,Puzzle,Phoenix Games  ,Phoenix Games  ,,,,,,,
39098,Marble Drop,PC,1997,Puzzle,Maxis  ,Maxis  ,,,,,,,
39099,Marble Madness,NES,1989,Puzzle,Milton Bradley  ,Rare Ltd.  ,,,,,,,
39100,Marble Madness,GEN,1993,Puzzle,Electronic Arts  ,Atari  ,,,,,,,
39101,Marble Madness,GG,1992,Puzzle,Tengen  ,Tengen  ,,,,,,,
39102,Marble Madness,GB,1991,Puzzle,Mindscape  ,Tengen  ,,,,,,,
39103,Marble Madness,MS,1992,Puzzle,Virgin Interactive  ,Tengen  ,,,,,,,
39104,Marble Madness,PC,1986,Puzzle,Electronic Arts  ,Electronic Arts  ,,,,,,,
39105,Marble Madness (GBC),GB,1999,Puzzle,Midway Games  ,Digital Eclipse  ,,,,,,,
39106,Marble Solitaire,OSX,2014,Misc,Unknown  ,Unknown  ,,,,,,,
39107,Marble Solitaire,PC,2014,Misc,Unknown  ,Unknown  ,,,,,,,
39108,Marble Woka Woka,And,2016,Action,Two Desperados  ,Two Desperados  ,,,,,,,
39109,Marbles Invasion,GIZ,N/A,Puzzle,Unknown  ,Nations Software  ,,,,,,,
39110,Marbles Multiball 3D - The Castle Adventure,GIZ,N/A,Puzzle,Unknown  ,Mad Processor  ,,,,,,,
39111,Marby Baby Story,PS,1999,Puzzle,Ponos  ,Ponos  ,,,,,,,
39112,Marc Ecko's Getting Up: Contents Under Pressure,XB,2006,Action,Atari  ,"The Collective, Inc.  ",,,,,,,
39113,Marcel Desailly Football Advance,GBA,2001,Sports,Ubisoft  ,Ubisoft  ,,,,,,,
39114,Marcel Desailly Pro Soccer,NGage,2004,Sports,Gameloft  ,G Artist  ,,,,,,,
39115,March of the Penguins,GBA,2006,Adventure,DSI Games  ,SkyRiver Studios  ,,,,,,,
39116,March of War,OSX,2014,Strategy,Isotx  ,Isotx  ,,,,,,,
39117,March of War,PC,2014,Strategy,Isotx  ,Isotx  ,,,,,,,
39118,Marchen Club,GB,1992,Strategy,Naxat Soft  ,Naxat Soft  ,,,,,,,
39119,Märchen Maze,PCE,1990,Action,Namco  ,Namco  ,,,,,,,
39120,Märchen Maze (Arcade),VC,2009,Action,Namco Bandai  ,Namco  ,,,,,,,
39121,Maribeto: Soshite Sekai wa Irooushinau,PC,2004,Adventure,Juno  ,Juno  ,,,,,,,
39122,Marie & Gully no Let's Science,DS,2010,Misc,Dorart  ,Dorart  ,,,,,,,
39123,Marie no Atelier GB,GB,2000,Role-Playing,Imagineer  ,Gust  ,,,,,,,
39124,Marie no Atelier Plus: Salburg no Renkinjutsushi,PS,1998,Role-Playing,Gust  ,Gust  ,,,,,,,
39125,Marie no Atelier Ver. 1.3: Salburg no Renkinjutsushi,SAT,1997,Role-Playing,Imadio  ,Gust  ,,,,,,,
39126,Marie to Elie no Atelier: Salburg no Renkinjutsushi 1&2,WS,2001,Role-Playing,Bandai  ,Gust  ,,,,,,,
39127,Marie to Elie no Atelier: Salburg no Renkinjutsushi 1&2,DC,2001,Role-Playing,Kool Kizz  ,Gust  ,,,,,,,
39128,Marie to Elie no Atelier: Salburg no Renkinjutsushi 1&2,PS2,2005,Role-Playing,Gust  ,Gust  ,,,,,,,
39129,"Marie, Elie & Anis no Atelier: Soyokaze kara no Dengon",GBA,2003,Role-Playing,Banpresto  ,Gust  ,,,,,,,
39130,Marine Sharpshooter 4: Locked and Loaded,PC,2008,Shooter,Groove Games  ,Groove Games  ,,,,,,,
39131,Marine Tour,3DO,1994,Misc,Office Create  ,Office Create  ,,,,,,,
39132,Marine Wars,2600,1983,Action,Konami  ,Konami  ,,,,,,,
39133,Mario & Luigi: Superstar Saga,WiiU,2014,Misc,Nintendo  ,Unknown  ,,,,,,,
39134,Mario and Donkey Kong: Minis on the Move,3DS,2013,Puzzle,Nintendo  ,Nintendo Software Technology Corporation  ,,,,,,,
39135,Mario Andretti Racing,GEN,1994,Racing,EA Sports  ,Stormfront Studios  ,,,,,,,
39136,Mario Bros.,VC,2006,Platform,Nintendo  ,Nintendo R&D1  ,,,,,,,
39137,Mario Bros.,7800,1987,Platform,Atari  ,Atari  ,,,,,,,
39138,Mario Bros.,5200,1983,Platform,Atari  ,Atari  ,,,,,,,
39139,Mario Calculator,DSiW,2009,Misc,Nintendo  ,Nintendo  ,6.0,,,,,,
39140,Mario Clash,VB,1995,Platform,Nintendo  ,Nintendo R&D1  ,,,,,,,
39141,Mario Clock,DSiW,2009,Misc,Nintendo  ,Nintendo  ,3.5,,,,,,
39142,Mario Golf,VC,2008,Sports,Nintendo  ,Camelot Software Planning  ,,,,,,,
39143,Mario is Missing!,SNES,1993,Misc,Mindscape  ,Software Creations  ,,,,,,,
39144,Mario is Missing!,PC,1992,Misc,Mindscape  ,Software Toolworks  ,,,,,,,
39145,Mario is Missing!,NES,1993,Misc,Mindscape  ,Radical Entertainment  ,,,,,,,
39146,Mario Kart 64,VC,2007,Racing,Nintendo  ,Nintendo EAD  ,7.1,,,,,,
39147,Mario Kart 64,iQue,N/A,Racing,Unknown  ,Nintendo EAD  ,,,,,,,
39148,Mario Kart DS,WiiU,2015,Racing,Nintendo  ,Nintendo EAD  ,,,,,,,
39149,Mario Kart: Super Circuit,WiiU,2014,Racing,Nintendo  ,Intelligent Systems  ,,,,,,,
39150,Mario Lemieux Hockey,GEN,1991,Sports,Sega  ,Alpine Studios  ,,,,,,,
39151,Mario no Photopi,N64,1998,Misc,Tokyo Electron  ,Tokyo Electron  ,,,,,,,
39152,Mario Party 2,VC,2010,Misc,Nintendo  ,Hudson Soft  ,,,,,,,
39153,Mario Teaches Typing 2,PC,1997,Misc,Interplay  ,Brainstorm  ,,,,,,,
39154,Mario Tennis: Power Tour,WiiU,2014,Sports,Nintendo  ,Camelot Software Planning  ,,,,,,,
39155,Mario vs. Donkey Kong,WiiU,2017,Puzzle,Nintendo  ,Nintendo Software Technology Corporation  ,,,,,,,
39156,Mario vs. Donkey Kong: Minis March Again!,DSiW,2009,Puzzle,Nintendo  ,Nintendo Software Technology Corporation  ,8.1,,,,,,
39157,Mario's Early Years: Fun with Letters,SNES,1994,Misc,Software Toolworks  ,Software Toolworks  ,,,,,,,
39158,Mario's Early Years: Fun with Numbers,SNES,1994,Misc,Software Toolworks  ,Software Toolworks  ,,,,,,,
39159,Mario's Early Years: Preschool Fun,SNES,1994,Misc,Software Toolworks  ,Software Toolworks  ,,,,,,,
39160,Mario's Game Gallery,PC,1995,Misc,Interplay  ,Presage Software Inc.  ,,,,,,,
39161,Mario's Picross,VC,2011,Puzzle,Nintendo  ,Nintendo  ,,,,,,,
39162,Mario's Super Picross,VC,2007,Puzzle,Nintendo  ,Jupiter Multimedia  ,,,,,,,
39163,Mario's Tennis,VB,1995,Sports,Nintendo  ,Nintendo R&D1  ,,,,,,,
39164,Mario's Time Machine,SNES,1993,Misc,Software Toolworks  ,Software Toolworks  ,,,,,,,
39165,Mario's Time Machine,NES,1994,Misc,Software Toolworks  ,Radical Entertainment  ,,,,,,,
39166,Mario's Time Machine Deluxe,PC,1996,Misc,Mindscape  ,Software Toolworks  ,,,,,,,
39167,Marionette Company,DC,1999,Adventure,Micro Cabin  ,Micro Cabin  ,,,,,,,
39168,Marionette Company,PS,1999,Adventure,Micro Cabin  ,Micro Cabin  ,,,,,,,
39169,Marionette Company,PSN,2010,Adventure,Micro Cabin  ,Micro Cabin  ,,,,,,,
39170,Marionette Company 2 Chu!,DC,2000,Adventure,Micro Cabin  ,Micro Cabin  ,,,,,,,
39171,Marionette Company 2 Chu!,PS,2000,Adventure,Micro Cabin  ,Micro Cabin  ,,,,,,,
39172,Marionette Company 2 Chu!,PSN,2010,Adventure,Micro Cabin  ,Micro Cabin  ,,,,,,,
39173,Marionette Handler,DC,1999,Strategy,Micronet  ,Micronet  ,,,,,,,
39174,Marionette Handler 2,DC,2000,Strategy,Micronet  ,Micronet  ,,,,,,,
39175,Mark Davis' The Fishing Master,SNES,1996,Sports,Natsume  ,Natsume  ,,,,,,,
39176,Mark Hinchcliffe's Game Series,WW,N/A,Misc,Unknown  ,Alten8  ,,,,,,,
39177,Mark McMorris Infinite Air,PC,2016,Sports,Maximum Games  ,HB Studios  ,,,,,,,
39178,Mark of the Ninja,XBL,2012,Action,Microsoft Studios  ,Klei Entertainment  ,,,,,,,
39179,Marko,SCD,2004,Platform,Good Night Brave Warrior  ,Good Deal Games  ,,,,,,,
39180,Marko,GEN,1994,Sports,Domark Software  ,The Kremlin  ,,,,,,,
39181,Marko,GG,1993,Platform,Domark Software  ,Domark Software  ,,,,,,,
39182,Marko's Magic Football,SNES,1995,Platform,Acclaim Entertainment  ,The Kremlin  ,,,,,,,
39183,Marksman Shooting & Trap Shooting,MS,1986,Shooter,Sega  ,Sega  ,,,,,,,
39184,Marksman Shooting / Trap Shooting / Safari Hunt,MS,1986,Shooter,Sega  ,Sega  ,,,,,,,
39185,Marky Mark: Make My Video,SCD,1992,Misc,Sega  ,Digital Pictures  ,,,,,,,
39186,Marl de Jigsaw,PS2,2001,Puzzle,Nippon Ichi Software  ,Nippon Ichi Software  ,,,,,,,
39187,Marmalade Boy,GB,1995,Strategy,Bandai  ,Bandai  ,,,,,,,
39188,Marmalade Boy,SNES,1995,Strategy,Bandai  ,Kuusou Kagaku  ,,,,,,,
39189,Mars,PS3,N/A,Role-Playing,Unknown  ,Spiders Games  ,,,,,,,
39190,Mars,PC,1970,Role-Playing,Unknown  ,Spiders Games  ,,,,,,,
39191,Mars,X360,N/A,Role-Playing,Unknown  ,Spiders Games  ,,,,,,,
39192,Mars Matrix,DC,2001,Shooter,Capcom  ,Takumi  ,7.9,,,,,,
39193,Mars Saga,PC,1989,Role-Playing,Infocom  ,Westwood Associates  ,,,,,,,
39194,Mars: War Logs,X360,2013,Misc,Focus Home Interactive  ,Unknown  ,,,,,,,
39195,Mars: War Logs,PS3,2013,Misc,Focus Home Interactive  ,Unknown  ,,,,,,,
39196,Marshal - Stratego Game,DSi,2013,Misc,EnjoyUp Games  ,Unknown  ,,,,,,,
39197,Marshal - Stratego Game,3DS,2013,Misc,EnjoyUp Games  ,Unknown  ,,,,,,,
39198,Marshal Online - Stratego Game,3DS,2012,Misc,Gamelion Studios  ,Unknown  ,,,,,,,
39199,Marsupilami,GEN,1995,Platform,Sega  ,Sega  ,,,,,,,
39200,Mart Racer,WW,2009,Racing,Joju Games  ,Joju Games  ,,,,,,,
39201,Martha Stewart,3DS,N/A,Misc,Unknown  ,Majesco Entertainment  ,,,,,,,
39202,Martial Arts: Capoeira Fighters,DS,N/A,Fighting,Unknown  ,Twelve Interactive  ,,,,,,,
39203,Martial Arts: Capoeira Fighters,PC,1970,Fighting,Unknown  ,Twelve Interactive  ,,,,,,,
39204,Martial Arts: Capoeira Fighters,PS2,N/A,Fighting,Unknown  ,Twelve Interactive  ,,,,,,,
39205,Martial Arts: Capoeira Fighters,PSP,N/A,Fighting,Unknown  ,Twelve Interactive  ,,,,,,,
39206,Martial Empires: The Path of the Purgatory,PC,2011,Role-Playing,gamigo  ,gamigo  ,,,,,,,
39207,Martian Gothic: Unification,PC,2000,Adventure,TalonSoft  ,Creative Reality  ,,,,,,,
39208,Martian Memorandum,PC,1991,Adventure,Access Software  ,"Access Software, Inc.  ",,,,,,,
39209,Martin Mystery: Monster Hunter,DS,2009,Action,Ubisoft  ,Ubisoft  ,,,,,,,
39210,Maru Goukaku Shikaku Dasshu! Financial Planning Ginou Kentei Shiken 2-Kyuu 3-Kyuu,DS,2010,Misc,Media5  ,Media5  ,,,,,,,
39211,Maru Goukaku Shikaku Dasshu! Gyouseishoshi Shiken,DS,2010,Misc,Media5  ,Media5  ,,,,,,,
39212,Maru Goukaku Shikaku Dasshu! Hanbaishi Kentei Shiken 2-Kyuu - 3-Kyuu,DS,2010,Misc,Media5  ,Media5  ,,,,,,,
39213,Maru Goukaku Shiraku Sashhu! IT Passport Shiken,DS,2010,Misc,Media5  ,Media5  ,,,,,,,
39214,Maru Goukaku: Shikaku Dasshu! 2011-Nendohan - Gyouseishoshi Shiken,DS,2011,Misc,Media5  ,Media5  ,,,,,,,
39215,Maru Goukaku: Shikaku Dasshu! 2011-Nendohan Financial Planner Ginou Kentei Shiken 2-Kyuu 3-Kyuu,DS,2011,Misc,Media5  ,Media5  ,,,,,,,
39216,Maru Goukaku: Shikaku Dasshu! 2011-Nendohan Jouhou Security Specialist Shiken - Network Specialist Shiken,DS,2011,Misc,Media5  ,Media5  ,,,,,,,
39217,Maru Goukaku: Shikaku Dasshu! Care Manager Shiken,DS,2010,Misc,Media5  ,Media5  ,,,,,,,
39218,Maru Goukaku: Shikaku Dasshu! Chuushoukigyou Shindanshi Shiken,DS,2010,Misc,Media5  ,Media5  ,,,,,,,
39219,Maru Goukaku: Shikaku Dasshu! FP Financial Planning Ginou Kentei Shiken 2-Kyuu Portable,PSP,2011,Misc,Media5  ,Media5  ,,,,,,,
39220,Maru Goukaku: Shikaku Dasshu! FP Financial Planning Ginou Kentei Shiken 2-Kyuu Portable,PSN,2011,Misc,Media5  ,Media5  ,,,,,,,
39221,Maru Goukaku: Shikaku Dasshu! FP Financial Planning Ginou Kentei Shiken 3-Kyuu Portable,PSP,2011,Misc,Media5  ,Media5  ,,,,,,,
39222,Maru Goukaku: Shikaku Dasshu! FP Financial Planning Ginou Kentei Shiken 3-Kyuu Portable,PSN,2011,Misc,Media5  ,Media5  ,,,,,,,
39223,Maru Goukaku: Shikaku Dasshu! IT Passport Shiken Portable,PSP,2011,Misc,Media5  ,Media5  ,,,,,,,
39224,Maru Goukaku: Shikaku Dasshu! IT Passport Shiken Portable,PSN,2011,Misc,Media5  ,Media5  ,,,,,,,
39225,Maru Goukaku: Shikaku Dasshu! Jouhou Gijutsusha Shiken Portable,PSN,2011,Misc,Media5  ,Media5  ,,,,,,,
39226,Maru Goukaku: Shikaku Dasshu! Jouhou Gijutsusha Shiken Portable,PSP,2011,Misc,Media5  ,Media5  ,,,,,,,
39227,Maru Goukaku: Shikaku Dasshu! Kaigo Fukushisi Shiken,DS,2011,Misc,Media5  ,Media5  ,,,,,,,
39228,Maru Goukaku: Shikaku Dasshu! Kihon Jouhou Gijutsusha Shiken Portable,PSP,2011,Misc,Media5  ,Media5  ,,,,,,,
39229,Maru Goukaku: Shikaku Dasshu! Kihon Jouhou Gijutsusha Shiken Portable,PSN,2011,Misc,Media5  ,Media5  ,,,,,,,
39230,Maru Goukaku: Shikaku Dasshu! Shouken Gaimuin Ni-Shu Shiken,DS,2010,Misc,Media5  ,Media5  ,,,,,,,
39231,Maru Goukaku: Shikaku Dasshu! TAC Koumuin Shiken - Kokka II Tane,DS,2010,Misc,Media5  ,Media5  ,,,,,,,
39232,Maru Goukaku: Shikaku Dasshu! Takken Shiken DS,DS,2012,Misc,Media5  ,Unknown  ,,,,,,,
39233,Maru's Mission,GB,1991,Action,Jaleco  ,Jaleco Entertainment  ,,,,,,,
39234,Marvel Heroes,PC,2013,Misc,Gazillion Entertainment  ,Unknown  ,,,,,,,
39235,Marvel Heroes: Comic Book Creator,PC,2006,Misc,Planetwide Games  ,Planetwide Games  ,,,,,,,
39236,Marvel Land,GEN,1991,Action,Namco  ,Namco  ,,,,,,,
39237,Marvel Land (Arcade),VC,2009,Action,Namco Bandai  ,Namco  ,,,,,,,
39238,Marvel Pinball,PSN,2010,Misc,Zen Studios  ,Zen Studios  ,,,,,,,
39239,Marvel Pinball,3DS,2012,Misc,Zen Studios  ,Unknown  ,,,,,,,
39240,Marvel Pinball,And,2011,Misc,Zen Studios  ,Unknown  ,,,,,,,
39241,Marvel Pinball,WiiU,2013,Misc,Zen Studios  ,Unknown  ,,,,,,,
39242,Marvel Pinball,PSV,2012,Misc,Zen Studios  ,Unknown  ,,,,,,,
39243,Marvel Pinball 3D,3DS,2012,Misc,Zen Studios  ,Unknown  ,,,,,,,
39244,Marvel Pinball: Captain America,PSN,2011,Misc,Zen Studios  ,Zen Studios  ,,,,,,,
39245,Marvel Pinball: Fantastic Four,PSN,2011,Misc,Zen Studios  ,Zen Studios  ,,,,,,,
39246,Marvel Pinball: Vengeance and Virtue,PSN,2011,Misc,Zen Studios  ,Zen Studios  ,,,,,,,
39247,Marvel Puzzle Quest: Dark Reign,And,2013,Misc,D3Publisher  ,Unknown  ,,,,,,,
39248,Marvel Puzzle Quest: Dark Reign,PC,2013,Misc,D3Publisher  ,Unknown  ,,,,,,,
39249,Marvel Run Jump Smash!,And,2014,Misc,Marvel Entertainment  ,Unknown  ,,,,,,,
39250,Marvel Super Hero Squad,PSN,2009,Adventure,THQ  ,Mass Media Inc.  ,,,,,,,
39251,Marvel Super Hero Squad Online,PC,2011,Role-Playing,Unknown  ,Gazillion Entertainment  ,,,,,,,
39252,Marvel Super Heroes vs. Street Fighter,SAT,1998,Fighting,Capcom  ,Capcom  ,,,,,,,
39253,Marvel Super Heroes: War of the Gems,SNES,1996,Platform,Capcom  ,Capcom  ,,,,,,,
39254,Marvel Trading Card Game,PC,2007,Misc,Konami  ,Vicious Cycle  ,,,,,,,
39255,Marvel Universe,PC,N/A,Role-Playing,Unknown  ,Gargantuan  ,,,,,,,
39256,Marvel Universe,PS3,N/A,Role-Playing,Unknown  ,Gargantuan  ,,,,,,,
39257,Marvel Universe,X360,N/A,Role-Playing,Unknown  ,Gargantuan  ,,,,,,,
39258,Marvel vs. Capcom 2,PSN,2009,Fighting,Capcom  ,Backbone Emeryville  ,8.6,,,,,,
39259,Marvel vs. Capcom 2,XBL,2009,Fighting,Capcom  ,Backbone Emeryville  ,8.3,,,,,,
39260,MARVEL War of Heroes,And,2012,Misc,Mobage  ,Unknown  ,,,,,,,
39261,Marvel: Contest of the Champions,And,2014,Action,Marvel Entertainment  ,Kabam  ,,,,,,,
39262,Marvel: Ultimate Alliance,XB,2006,Role-Playing,Activision  ,Raven Software  ,8.2,,,,,,
39263,Marvel: Ultimate Alliance,GBA,2006,Role-Playing,Activision  ,Barking Lizards  ,2.3,,,,,,
39264,Marvelous Galaxy,XBL,2009,Strategy,Microsoft  ,Darix  ,,,,,,,
39265,Marvelous Mystery 6 Pack,PC,2009,Misc,Viva Media  ,"Viva Media, LLC  ",,,,,,,
39266,Marvelous: Mouhitotsu no Takarajima,SNES,1996,Role-Playing,Nintendo  ,Nintendo R&D2  ,,,,,,,
39267,Marvin Strikes Back!,GB,2000,Action,Infogrames  ,Infogrames  ,,,,,,,
39268,Marvin's Maze,PSN,2011,Puzzle,SNK Playmore  ,SNK Playmore Corporation  ,,,,,,,
39269,Mary King's Riding Star,PS,2000,Sports,Midas Interactive Entertainment  ,Midas Interactive Entertainment  ,,,,,,,
39270,Mary Shelley's Frankenstein,SNES,1994,Action,Sony Imagesoft  ,Bits Corporation Limited  ,,,,,,,
39271,Mary Shelley's Frankenstein,GEN,1994,Action,Sony Imagesoft  ,Bits Studios  ,,,,,,,
39272,Mary Shelley's Frankenstein / Bram Stoker's Dracula,SCD,1994,Adventure,Sony Imagesoft  ,Sony Imagesoft  ,,,,,,,
39273,Mary-Kate and Ashley: Crush Course,GB,2001,Action,Acclaim Entertainment  ,Crawfish Interactive  ,,,,,,,
39274,Mary-Kate and Ashley: Crush Course,PC,2003,Action,Acclaim Entertainment  ,n-Space  ,,,,,,,
39275,Mary-Kate and Ashley: Get a Clue!,GB,2000,Platform,Acclaim Entertainment  ,Crawfish Interactive  ,,,,,,,
39276,Mary-Kate and Ashley: Pocket Planner,GB,2000,Misc,Acclaim Entertainment  ,Powerhead Games  ,,,,,,,
39277,Mary-Kate and Ashley: Winner's Circle,GB,2001,Sports,Acclaim Entertainment  ,M4 Limited  ,,,,,,,
39278,Mashed,PS2,2020,Racing,Unknown  ,Supersonic  ,,,,,,,
39279,Mask Game,WinP,2012,Misc,Quikding  ,Unknown  ,,,,,,,
39280,Mask Game,And,2012,Misc,Quikding  ,Unknown  ,,,,,,,
39281,Mass Destruction,SAT,1997,Shooter,ASC Games  ,NMS Software  ,,,,,,,
39282,Mass Destruction,PC,1997,Shooter,ASC Games  ,NMS Software  ,,,,,,,
39283,Mass Destruction,PSN,2010,Shooter,Sony Computer Entertainment  ,NMS Software  ,,,,,,,
39284,Mass Effect,XBL,2009,Role-Playing,Microsoft Game Studios  ,BioWare Edmonton  ,,,,,,,
39285,Mass Effect 2,PSN,2011,Role-Playing,Electronic Arts  ,BioWare Edmonton  ,9.3,,,,,,
39286,Mass Effect 2: Firewalker,XBL,2010,Role-Playing,Electronic Arts  ,BioWare Edmonton  ,,,,,,,
39287,Mass Effect 2: Firewalker,PC,2010,Role-Playing,Electronic Arts  ,BioWare Edmonton  ,,,,,,,
39288,Mass Effect 2: Kasumi's Stolen Memory,PC,2010,Role-Playing,Electronic Arts  ,BioWare Edmonton  ,6.7,,,,,,
39289,Mass Effect 2: Kasumi's Stolen Memory,XBL,2010,Role-Playing,Electronic Arts  ,BioWare Edmonton  ,7.2,,,,,,
39290,Mass Effect 2: Lair of the Shadow Broker,PC,2010,Role-Playing,Electronic Arts  ,BioWare Edmonton  ,8.7,,,,,,
39291,Mass Effect 2: Lair of the Shadow Broker,XBL,2010,Role-Playing,Electronic Arts  ,BioWare Edmonton  ,8.7,,,,,,
39292,Mass Effect 2: Normandy Crash Site,PC,2010,Role-Playing,Electronic Arts  ,BioWare Edmonton  ,,,,,,,
39293,Mass Effect 2: Normandy Crash Site,XBL,2010,Role-Playing,Electronic Arts  ,BioWare Edmonton  ,,,,,,,
39294,Mass Effect 2: Overlord,XBL,2010,Role-Playing,Electronic Arts  ,BioWare Edmonton  ,8.5,,,,,,
39295,Mass Effect 2: Overlord,PC,2010,Role-Playing,Electronic Arts  ,BioWare Edmonton  ,8.8,,,,,,
39296,Mass Effect 2: The Arrival,PSN,2011,Role-Playing,Electronic Arts  ,BioWare Edmonton  ,7.0,,,,,,
39297,Mass Effect 2: The Arrival,XBL,2011,Role-Playing,Electronic Arts  ,BioWare Edmonton  ,6.5,,,,,,
39298,Mass Effect 2: The Arrival,PC,2011,Role-Playing,Electronic Arts  ,BioWare Edmonton  ,6.5,,,,,,
39299,Mass Effect 2: The Price of Revenge,PC,2010,Role-Playing,Electronic Arts  ,BioWare Edmonton  ,,,,,,,
39300,Mass Effect 2: The Price of Revenge,XBL,2010,Role-Playing,Electronic Arts  ,BioWare Edmonton  ,,,,,,,
39301,Mass Effect: Bring Down The Sky,XBL,2008,Role-Playing,Electronic Arts  ,BioWare Edmonton  ,5.0,,,,,,
39302,Mass Effect: Bring Down the Sky,PC,2008,Role-Playing,Electronic Arts  ,Demiurge Studios  ,,,,,,,
39303,Mass Effect: Infiltrator,And,2012,Shooter,Electronic Arts  ,Iron Monkey  ,,,,,,,
39304,Mass Effect: Pinnacle Station,XBL,2009,Role-Playing,Electronic Arts  ,BioWare Edmonton  ,4.5,,,,,,
39305,Mass Effect: Pinnacle Station,PC,2009,Role-Playing,Electronic Arts  ,Demiurge Studios  ,,,,,,,
39306,Massive Assault,PC,2003,Strategy,Matrix Games   ,Wargaming.net  ,,,,,,,
39307,Massive Assault Network,PC,2004,Strategy,Wargaming.net  ,Wargaming.net  ,,,,,,,
39308,Massive Assault Network 2,PC,2006,Strategy,Wargaming.net  ,Wargaming.net  ,,,,,,,
39309,Massive Assault: Phantom Renaissance,PC,N/A,Strategy,Unknown  ,Wargaming.net  ,,,,,,,
39310,Massive Chalice,OSX,2014,Misc,Double Fine Productions  ,Unknown  ,,,,,,,
39311,Master Builder,2600,1983,Action,Spectravision  ,Spectravision  ,,,,,,,
39312,Master Games 1,MS,1993,Misc,Sega  ,Sega  ,,,,,,,
39313,Master Karateka,GB,1989,Action,Bandai  ,Bandai Shinsei  ,,,,,,,
39314,Master Levels for Doom II,PC,1995,Shooter,id Software  ,id Software  ,,,,,,,
39315,Master of Darkness,MS,1992,Platform,Sega  ,Sega  ,,,,,,,
39316,Master of Illusion Express: Deep Psyche,DSiW,2009,Misc,Nintendo  ,Nintendo  ,,,,,,,
39317,Master of Illusion Express: Funny Face,DSiW,2009,Misc,Nintendo  ,Nintendo  ,,,,,,,
39318,Master of Illusion Express: Matchmaker,DSiW,2009,Misc,Nintendo  ,Nintendo  ,,,,,,,
39319,Master of Illusion Express: Mind Probe,DSiW,2009,Misc,Nintendo  ,Nintendo  ,,,,,,,
39320,Master of Illusion Express: Psychic Camera,DSiW,2009,Misc,Nintendo  ,Nintendo  ,,,,,,,
39321,Master of Illusion Express: Shuffle Games,DSiW,2009,Misc,Nintendo  ,Nintendo  ,,,,,,,
39322,Master of Magic,PC,1994,Strategy,Microprose  ,SimTex  ,,,,,,,
39323,Master of Monsters,GEN,1991,Strategy,Renovation  ,Opera House  ,,,,,,,
39324,Master of Orion 1+2,PC,1996,Strategy,Atari  ,SimTex  ,,,,,,,
39325,Master of Orion II: Battle at Antares,PC,1996,Strategy,Microprose  ,SimTex  ,,,,,,,
39326,Master of Orion III,PC,2003,Strategy,Atari  ,"Quicksilver Software, Inc  ",,,,,,,
39327,Master of Weapon,GEN,1991,Shooter,Taito  ,Taito Corporation  ,,,,,,,
39328,Master Rallye,PC,2002,Racing,Microids  ,Steel Monkeys  ,,,,,,,
39329,Master Reboot,OSX,2013,Misc,Wales Interactive Ltd.  ,Unknown  ,,,,,,,
39330,Master Reboot,PC,2013,Misc,Wales Interactive Ltd.  ,Unknown  ,,,,,,,
39331,Master Reboot,PS3,2014,Misc,Wales Interactive Ltd.  ,Unknown  ,,,,,,,
39332,Master Reboot,WiiU,2014,Adventure,Wales Interactive Ltd.  ,Wales Interactive Ltd.  ,,,,,,,
39333,Masters Harukanaru Augusta 3,3DO,1994,Sports,T&E Soft  ,Tikipod  ,,,,,,,
39334,Masters Harukanaru Augusta 3,SAT,1995,Sports,T&E Soft  ,Tikipod  ,,,,,,,
39335,Masters of Belial,PC,2008,Role-Playing,Unknown  ,Brain Seal  ,,,,,,,
39336,Masters of Belial,XBL,2010,Role-Playing,Microsoft  ,Argi Baltzi  ,,,,,,,
39337,Masters of Combat,MS,1993,Fighting,Sega  ,SIMS  ,,,,,,,
39338,Masters of the Universe Interactive - He-Man: Defender of Grayskull,PS2,2005,Action,TDK Mediactive  ,Midas Interactive Entertainment  ,,,,,,,
39339,Masters of the Universe: Power of He-Man,2600,1983,Action,Mattel Interactive  ,Mattel  ,,,,,,,
39340,Masters of the World: Geopolitical Simulator 3,OSX,2014,Misc,Eversim  ,Unknown  ,,,,,,,
39341,Masters of the World: Geopolitical Simulator 3,PC,2014,Misc,Eversim  ,Unknown  ,,,,,,,
39342,Masters Shin Harukanaru Augusta,PS,1996,Sports,Soft Bank  ,Tikipod  ,,,,,,,
39343,Masumon Kids: The Another World of The Master of Monsters,PS,1998,Strategy,Toshiba EMI   ,Toshiba EMI  ,,,,,,,
39344,Mat Hoffman's Pro BMX,DC,2001,Sports,Activision  ,Runecraft  ,7.7,,,,,,
39345,Mat Hoffman's Pro BMX,GB,2001,Sports,Activision  ,HotGen Studios  ,,,,,,,
39346,Mat Hoffman's Pro BMX,PC,2001,Sports,Activision  ,Gray Matter  ,,,,,,,
39347,Mat Mania Challenge,7800,1990,Fighting,Atari  ,Atari  ,,,,,,,
39348,Matantei Loki Ragnarok Mayoukaku,PS2,2005,Adventure,Taito  ,Taito Corporation  ,,,,,,,
39349,Matantei Loki Ragnarok: Gensou no Labyrinth,GBA,2003,Role-Playing,J-Wing  ,J-Wing  ,,,,,,,
39350,Match Up!,DSiW,2010,Misc,Digital Leisure Inc.  ,Digital Leisure Inc.  ,,,,,,,
39351,Matchem,XBL,2009,Misc,Microsoft  ,Michael Lee  ,,,,,,,
39352,Matching Tunes,PC,2014,Misc,Neon Surge  ,Unknown  ,,,,,,,
39353,Matching With Friends,And,2013,Misc,Zynga  ,Unknown  ,,,,,,,
39354,Matchman,Wii,N/A,Shooter,Unknown  ,TF-H Co Ltd  ,,,,,,,
39355,Matchman,DS,N/A,Shooter,Unknown  ,TF-H Co Ltd  ,,,,,,,
39356,Matchman,PS3,N/A,Shooter,Unknown  ,TF-H Co Ltd  ,,,,,,,
39357,MatchMore,Linux,2014,Misc,Midnight Magic Games  ,Unknown  ,,,,,,,
39358,MatchMore,PC,2014,Misc,Midnight Magic Games  ,Unknown  ,,,,,,,
39359,MatchMore,OSX,2014,Misc,Midnight Magic Games  ,Unknown  ,,,,,,,
39360,Maten Densetsu: Senritsu no Opatsu,SNES,1995,Role-Playing,Takara  ,Thinking Rabbit  ,,,,,,,
39361,Math Aerobat,XBL,2009,Misc,Microsoft  ,hotshot 10101  ,,,,,,,
39362,Math Cruncher,XBL,2011,Misc,Microsoft  ,Bluebomber128  ,,,,,,,
39363,Math Gardener,XBL,2009,Misc,Microsoft  ,hotshot 10101  ,,,,,,,
39364,Math Gran Prix,2600,1982,Racing,Atari  ,Atari  ,,,,,,,
39365,Math Patrol: The Kleptoid Threat,GBA,2007,Misc,Tomy Corporation  ,GXB Interactive  ,,,,,,,
39366,Math Patrol: The Venus Virus,GBA,2020,Misc,Unknown  ,GXB Interactive  ,,,,,,,
39367,Math Sniper 3D,XBL,2009,Misc,Microsoft  ,hotshot 10101  ,,,,,,,
39368,Mathemagics,3DO,1994,Misc,3DO  ,L3 Interactive  ,,,,,,,
39369,Matrimelee,NG,2003,Fighting,Sun Amusement  ,Noise Factory  ,,,,,,,
39370,Matrix,XBL,2009,Puzzle,Microsoft  ,nobusi  ,,,,,,,
39371,Matrix2,XBL,2009,Puzzle,Microsoft  ,nobusi  ,,,,,,,
39372,Matrix: Path Of Neo,XB,2005,Action,Atari  ,Unknown  ,,,,,,,
39373,Matsukata Hiroki no Super Trawling,SNES,1995,Sports,Tonkin House  ,Tonkin House  ,,,,,,,
39374,Matsukata Hiroki no World Fishing,SAT,1996,Sports,MediaQuest   ,MediaQuest  ,,,,,,,
39375,Matsumoto Akira no Kabushiki Hisshougaku,NES,1988,Misc,Imagineer  ,Imagineer  ,,,,,,,
39376,Matsumoto Akira no Kabushiki Hisshougaku II,NES,1989,Misc,Imagineer  ,Imagineer  ,,,,,,,
39377,Matsumoto Reiji 999: Story of Galaxy Express 999,PS,2001,Adventure,Banpresto  ,Polygon Magic  ,,,,,,,
39378,Matt Hazard: Blood Bath and Beyond,PSN,2010,Shooter,D3 Publisher  ,Vicious Cycle  ,,,,,,,
39379,Maui Mallard in Cold Shadow,SNES,1996,Platform,Nintendo  ,Eurocom Entertainment Software  ,,,,,,,
39380,Maui Mallard in Cold Shadow,GB,1998,Platform,Sunsoft  ,Eurocom Entertainment Software  ,,,,,,,
39381,Maui Mallard in Cold Shadow,PC,1996,Platform,Disney Interactive Studios  ,Eurocom Entertainment Software  ,,,,,,,
39382,Maui Wowee,PC,2005,Puzzle,MSN Games  ,Toybox Games  ,,,,,,,
39383,Maus DS,DS,2008,Misc,Deep Silver  ,Braingame  ,,,,,,,
39384,Mawaskes,PSN,2009,Puzzle,DHM Interactive  ,Irem Software Engineering  ,,,,,,,
39385,Mawaza,PS2,2005,Puzzle,Sony Computer Entertainment  ,Media.Vision  ,,,,,,,
39386,Max & the Magic Marker,WW,2010,Platform,Press Play  ,Press Play  ,7.0,,,,,,
39387,Max & the Magic Marker,PC,2010,Platform,Press Play  ,Press Play  ,,,,,,,
39388,Max & the Magic Marker: Gold Edition,PSN,2011,Platform,Pan Vision   ,Press Play  ,7.0,,,,,,
39389,Max Fun Times,XBL,2009,Misc,Microsoft  ,Claymerikorp  ,,,,,,,
39390,Max Gentlemen,Linux,2014,Action,The Men Who Wear Many Hats LLC  ,The Men Who Wear Many Hats LLC  ,,,,,,,
39391,Max Gentlemen,OSX,2014,Action,The Men Who Wear Many Hats LLC  ,The Men Who Wear Many Hats LLC  ,,,,,,,
39392,Max Gentlemen,PC,2014,Action,The Men Who Wear Many Hats LLC  ,The Men Who Wear Many Hats LLC  ,,,,,,,
39393,Max Gentlemen,And,2014,Action,The Men Who Wear Many Hats LLC  ,The Men Who Wear Many Hats LLC  ,,,,,,,
39394,Max Payne,XBL,2009,Shooter,Rockstar Games  ,neo Software  ,,,,,,,
39395,Max Payne 2: The Fall of Max Payne,XBL,2009,Shooter,Rockstar Games  ,Remedy Entertainment  ,,,,,,,
39396,Max Steel,DC,2001,Adventure,Mattel Interactive  ,Treyarch  ,3.9,,,,,,
39397,Max Surfing 2nd,PS,2000,Sports,KSS  ,ACOT  ,,,,,,,
39398,Max the Frog,XBL,2008,Puzzle,Microsoft  ,MindStudios  ,,,,,,,
39399,Max: the Curse of Brotherhood,XBL,2014,Action-Adventure,Microsoft Studios  ,Press Play  ,,,,,,,
39400,Max: The Curse of Brotherhood,XOne,2013,Action-Adventure,Microsoft Studios  ,Press Play  ,,,,,,,
39401,Max: the Curse of Brotherhood,PC,2014,Action-Adventure,Microsoft Studios  ,Press Play  ,,,,,,,
39402,Maxi 15,NES,1992,Misc,American Video Entertainment  ,Various  ,,,,,,,
39403,Maximo: Ghosts to Glory,PSN,2011,Platform,Capcom  ,Capcom  ,,,,,,,
39404,Maximum Force,SAT,1997,Shooter,Midway Games  ,Tantalus Interactive  ,,,,,,,
39405,Maximum Pool,DC,2000,Misc,Sierra Entertainment  ,Dynamix  ,6.4,,,,,,
39406,May's Mysteries: The Secret of Dragonville,DS,N/A,Puzzle,Unknown  ,TBA  ,,,,,,,
39407,May's Mysteries: The Secret of Dragonville,PC,2012,Misc,Unknown  ,Unknown  ,,,,,,,
39408,Maya the Bee and Her Friends,GB,2000,Action,Acclaim Entertainment  ,Crawfish Interactive  ,,,,,,,
39409,Maya the Bee: Garden Adventures,GB,2000,Action,Acclaim Entertainment  ,NEON Software GmbH  ,,,,,,,
39410,Maya the Bee: Klatschmohnwiese in Gefahr,GBA,2006,Platform,Midway Games  ,Independent Arts Software GmbH  ,,,,,,,
39411,Maya the Bee: Klatschmohnwiese in Gefahr,DS,2006,Platform,Midway Games  ,Independent Arts Software GmbH  ,,,,,,,
39412,Maya The Bee: Sweet Gold,GBA,2005,Platform,Midway Games  ,Shin'en Multimedia  ,,,,,,,
39413,Maya The Bee: The Great Adventure,GBA,2002,Platform,Acclaim Entertainment  ,Shin'en Multimedia  ,,,,,,,
39414,Maya's Fortune Telling: Kiseki no Maya Uranai,PS,1999,Misc,Oracion  ,Unknown  ,,,,,,,
39415,Mayan Countdown,XBL,2009,Misc,Microsoft  ,Zenfar  ,,,,,,,
39416,Mayday: Conflict Earth,PC,2000,Strategy,JoWood Productions  ,Boris Games  ,,,,,,,
39417,Maze,2600,1978,Action,Sears   ,Telegames  ,,,,,,,
39418,Maze Hunter 3-D,MS,1987,Action,Sega  ,Sega  ,,,,,,,
39419,Maze Mania: A Game of Cops 'n Robbers,2600,1978,Action,Sears   ,Atari  ,,,,,,,
39420,Mazer,3DO,1995,Shooter,American Laser Games  ,"American Laser Games, Inc.  ",,,,,,,
39421,Mazes of Fate,GBA,2006,Role-Playing,O3 Entertainment  ,Sabarasa Entertainment  ,6.6,,,,,,
39422,Mazin Saga Mutant Fighter,GEN,1993,Action,Victory Lap Games  ,Almanic Corp  ,,,,,,,
39423,Mazinger Z,SNES,1993,Shooter,Bandai  ,WinkySoft  ,,,,,,,
39424,McDonald's Original Happy Disc,PS2,2001,Misc,Sony Computer Entertainment  ,Sony Computer Entertainment  ,,,,,,,
39425,McDonald's Treasure Land Adventure,GEN,1993,Misc,Sega  ,"Treasure Co., Ltd.  ",,,,,,,
39426,McDonald's Videogame,PC,2006,Misc,Unknown  ,Molleindustria  ,,,,,,,
39427,McDonalds Monogatari: Honobono Tenchou Ikusei Game,GB,2001,Adventure,TDK Core  ,TDK Core  ,,,,,,,
39428,MDK / MDK2,PC,2001,Shooter,Virgin Interactive  ,Shiny Entertainment / BioWare  ,,,,,,,
39429,MDK2,DC,2000,Shooter,Interplay  ,BioWare Corp.  ,8.9,,,,,,
39430,MDK2,WW,2011,Shooter,Interplay  ,Beamdog  ,8.0,,,,,,
39431,Me & My Furry Patients 3D,3DS,2014,Misc,Silver Fox Media  ,Unknown  ,,,,,,,
39432,Me & My Pets 3D,3DS,2014,Simulation,Silver Fox Media  ,Independent Arts  ,,,,,,,
39433,Me & My Katamari,PSN,2009,Puzzle,Namco Bandai  ,Namco  ,,,,,,,
39434,Me and My Dogs: Friends Forever,DSiW,2010,Simulation,Gameloft  ,Gameloft  ,,,,,,,
39435,Me Monstar: Hear Me Roar!,PSN,2011,Action,Unknown  ,Cohort Studios  ,6.5,,,,,,
39436,Mean 18 Golf,7800,1989,Sports,Atari  ,Atari  ,,,,,,,
39437,Mean Streets,PC,1989,Adventure,Access Software  ,"Access Software, Inc.  ",,,,,,,
39438,Mecarobot Golf,SNES,1993,Sports,TOHO  ,"Toho Co., Ltd  ",,,,,,,
39439,Mech Gladiator,XBL,2009,Shooter,Microsoft  ,Hanuman  ,,,,,,,
39440,Mech Warrior 3,PC,N/A,Shooter,Unknown  ,MicroProse  ,,,,,,,
39441,Mechanic Infantry,PC,2011,Misc,SCE Studio San Diego  ,Unknown  ,,,,,,,
39442,Mechanized Attack,NES,1990,Shooter,SNK  ,SNK Corporation  ,,,,,,,
39443,MechCommander 2,PC,2001,Strategy,Microsoft  ,FASA Interactive  ,,,,,,,
39444,MechCommander: Gold,PC,1999,Strategy,Hasbro Interactive  ,FASA Interactive  ,,,,,,,
39445,Mecho Wars,DSiW,N/A,Strategy,Unknown  ,Flying Tiger Entertainment  ,,,,,,,
39446,Mecho Wars,WW,N/A,Strategy,Unknown  ,Flying Tiger Entertainment  ,,,,,,,
39447,MechWarrior,SNES,1993,Simulation,Activision  ,Beam Software  ,,,,,,,
39448,MechWarrior,X360,N/A,Action,Unknown  ,Smith & Tinker  ,,,,,,,
39449,MechWarrior 2: 31st Century Combat,SAT,1997,Simulation,Activision  ,Quantum Factory  ,,,,,,,
39450,MechWarrior 2: Ghost Bear's Legacy,PC,1995,Simulation,Activision  ,Activision  ,,,,,,,
39451,MechWarrior 2: Mercenaries,PC,1996,Simulation,Activision  ,Pandemic Studios  ,,,,,,,
39452,MechWarrior 2: Titanium Trilogy,PC,1998,Simulation,Activision  ,Activision  ,,,,,,,
39453,MechWarrior 3,PC,1999,Simulation,Atari  ,Zipper Interactive  ,,,,,,,
39454,MechWarrior 3 Gold Edition,PC,2002,Simulation,Infogrames  ,Zipper Interactive  ,,,,,,,
39455,MechWarrior 3050,SNES,1995,Simulation,Activision  ,EA Tiburon  ,,,,,,,
39456,MechWarrior 3: Pirate's Moon Expansion Pak,PC,1999,Simulation,Microprose  ,Zipper Interactive  ,,,,,,,
39457,MechWarrior 4 Compilation,PC,2004,Simulation,Microsoft Game Studios  ,FASA Studio  ,,,,,,,
39458,MechWarrior 4: Black Knight Expansion,PC,2001,Simulation,Microsoft  ,Cyberlore Studios  ,,,,,,,
39459,MechWarrior 4: Clan 'Mech Pak,PC,2007,Simulation,Microsoft Game Studios  ,Cyberlore Studios  ,,,,,,,
39460,MechWarrior 4: Inner Sphere 'Mech Pak,PC,2002,Simulation,Microsoft Game Studios  ,Cyberlore Studios  ,,,,,,,
39461,MechWarrior Online,PC,2013,Misc,Infinite Game Publishing  ,Unknown  ,,,,,,,
39462,Medal of Honor,PSN,2009,Shooter,Sony Computer Entertainment  ,DreamWorks Interactive  ,,,,,,,
39463,Medal of Honor 10th Anniversary,PC,2008,Shooter,Electronic Arts  ,Electronic Arts  ,,,,,,,
39464,Medal of Honor Collection,PS2,2007,Shooter,Electronic Arts  ,EA Los Angeles  ,,,,,,,
39465,Medal of Honor Collection,PC,2007,Shooter,Electronic Arts  ,"EA Los Angeles / 2015, Inc.  ",,,,,,,
39466,Medal of Honor Heroes,PSN,2009,Shooter,Electronic Arts  ,Team Fusion  ,,,,,,,
39467,Medal of Honor Heroes 2,PSN,2009,Shooter,Electronic Arts  ,Team Fusion  ,,,,,,,
39468,Medal of Honor: Airborne,XBL,2010,Shooter,Electronic Arts  ,EA Los Angeles  ,,,,,,,
39469,Medal of Honor: Breakthrough,PC,2003,Shooter,Electronic Arts  ,"2015, Inc.  ",,,,,,,
39470,Medal of Honor: Frontline,PSN,2011,Shooter,Electronic Arts  ,EA Los Angeles  ,,,,,,,
39471,Medal of Honor: Spearhead,PC,2002,Shooter,Electronic Arts  ,"2015, Inc.  ",,,,,,,
39472,Medal of Honor: Underground,PSN,2009,Shooter,Sony Computer Entertainment  ,DreamWorks Interactive  ,,,,,,,
39473,Medarot 2: Parts Collection,GB,1999,Role-Playing,Imagineer  ,Natsume  ,,,,,,,
39474,Medarot 3 Parts Collection: Z Kara no Chousenjou,GB,2000,Role-Playing,Imagineer  ,Natsume  ,,,,,,,
39475,Medarot 3D,3DS,N/A,Role-Playing,Unknown  ,Rocket Company  ,,,,,,,
39476,Medarot 5: Susutake Mura no Tenkousei: Kabuto / Kuwagata Version,GB,2001,Role-Playing,Imagineer  ,Natsume  ,,,,,,,
39477,Medarot Navi: Kabuto / Kuwagata Version,GBA,2001,Role-Playing,Imagineer  ,Natsume  ,,,,,,,
39478,Medarot R,PS,1999,Role-Playing,Imagineer  ,Natsume  ,,,,,,,
39479,Medarot R: Parts Collection,PS,2000,Role-Playing,Imagineer  ,Natsume  ,,,,,,,
39480,Medarot: Card Robottle Kabuto / Kuwagata Version,GB,2000,Role-Playing,Imagineer  ,Natsume  ,,,,,,,
39481,Medarot: Parts Collection,GB,1998,Role-Playing,Imagineer  ,Natsume  ,,,,,,,
39482,Medarot: Parts Collection 2,GB,1998,Role-Playing,Imagineer  ,Natsume  ,,,,,,,
39483,Medarot: Perfect Edition Kabuto / Kuwagata Version,WS,1999,Role-Playing,Imagineer  ,Natsume  ,,,,,,,
39484,Medical 91,PS2,2005,Adventure,Takuyo  ,Takuyo  ,,,,,,,
39485,Medical 91,PC,2005,Adventure,Takuyo  ,Takuyo  ,,,,,,,
39486,Medical 91 for Portable,PSP,2008,Adventure,Takuyo  ,Takuyo  ,,,,,,,
39487,Medical 91 for Portable,PSN,2010,Adventure,Takuyo  ,Takuyo  ,,,,,,,
39488,Medical Fellows,PC,1998,Adventure,Unknown  ,Kingdom  ,,,,,,,
39489,Medieval: Total War - Viking Invasion,PC,2003,Strategy,Activision  ,The Creative Assembly  ,8.2,,,,,,
39490,Medieval: Total War Battle Collection,PC,2004,Strategy,Activision  ,The Creative Assembly  ,,,,,,,
39491,MediEvil,PSN,2006,Adventure,Sony Computer Entertainment  ,SCEE Cambridge  ,,,,,,,
39492,MediEvil / (c-12) Final Resistance,PS,2003,Misc,Sony Computer Entertainment  ,SCEE  ,,,,,,,
39493,MediEvil: Resurrection,PSN,2008,Adventure,Sony Computer Entertainment  ,SCEE  ,,,,,,,
39494,MediEvil: Resurrection,PSN,2008,Adventure,Sony Computer Entertainment  ,SCEE  ,,,,,,,
39495,Meet UR Match,XBL,2009,Misc,Microsoft  ,Georges Dad  ,,,,,,,
39496,Mega 6 Vol. 3,GEN,1995,Misc,Sega  ,Sega  ,,,,,,,
39497,Mega Airport: Frankfurt,PC,2006,Simulation,Aerosoft  ,Aerosoft  ,,,,,,,
39498,Mega Airport: London Heathrow,PC,2007,Simulation,Aerosoft  ,Aerosoft  ,,,,,,,
39499,Mega Airport: San Francisco,PC,2011,Simulation,Aerosoft  ,Aerosoft  ,,,,,,,
39500,Mega Bomberman,GEN,1994,Puzzle,Sega  ,Hudson Soft  ,,,,,,,
39501,Mega Coin Squad,Linux,2014,Action,Adult Swim  ,Big Pixel Studios  ,,,,,,,
39502,Mega Coin Squad,OSX,2014,Action,Adult Swim  ,Big Pixel Studios  ,,,,,,,
39503,Mega Coin Squad,PC,2014,Action,Adult Swim  ,Big Pixel Studios  ,,,,,,,
39504,Mega Games 1,GEN,1992,Misc,Sega  ,Sega  ,,,,,,,
39505,Mega Games 2,GEN,1993,Misc,Sega  ,Sega  ,,,,,,,
39506,Mega Games 3,GEN,1993,Misc,Sega  ,Sega  ,,,,,,,
39507,Mega Games 6,GEN,1995,Misc,Sega  ,Sega  ,,,,,,,
39508,Mega Games 6 Vol. 2,GEN,1995,Misc,Sega  ,Sega  ,,,,,,,
39509,Mega Man,GG,1995,Platform,U.S. Gold  ,Freestyle  ,,,,,,,
39510,Mega Man,VC,2008,Platform,Capcom  ,Capcom  ,,,,,,,
39511,Mega Man,PC,1990,Platform,Capcom  ,Capcom  ,,,,,,,
39512,Mega Man,PSN,2011,Platform,Sony Computer Entertainment  ,Capcom  ,,,,,,,
39513,Mega Man 10,WW,2010,Platform,Capcom  ,Inti Creates  ,8.3,,,,,,
39514,Mega Man 10,XBL,2010,Platform,Capcom  ,Inti Creates  ,8.4,,,,,,
39515,Mega Man 10,PSN,2010,Platform,Capcom  ,Inti Creates  ,7.9,,,,,,
39516,Mega Man 2,VC,2008,Platform,Capcom  ,Capcom  ,9.5,,,,,,
39517,Mega Man 2,PSN,2011,Platform,Sony Computer Entertainment  ,Capcom  ,,,,,,,
39518,Mega Man 3,VC,2008,Platform,Capcom  ,Capcom  ,,,,,,,
39519,Mega Man 3,PC,1992,Platform,Capcom  ,Capcom  ,,,,,,,
39520,Mega Man 3,PSN,2011,Platform,Sony Computer Entertainment  ,Capcom  ,,,,,,,
39521,Mega Man 4,VC,2010,Platform,Capcom  ,Capcom  ,8.0,,,,,,
39522,Mega Man 5,VC,2011,Platform,Capcom  ,Capcom  ,8.5,,,,,,
39523,Mega Man 5,WiiU,2014,Platform,Capcom  ,Capcom  ,,,,,,,
39524,Mega Man 6,3DS,2013,Platform,Capcom  ,Capcom  ,,,,,,,
39525,Mega Man 6,WiiU,2014,Platform,Capcom  ,Capcom  ,,,,,,,
39526,Mega Man 9,WW,2008,Platform,Capcom  ,Inti Creates  ,8.1,,,,,,
39527,Mega Man 9,XBL,2008,Platform,Capcom  ,Inti Creates  ,8.1,,,,,,
39528,Mega Man 9,PSN,2008,Platform,Capcom  ,Inti Creates  ,8.0,,,,,,
39529,Mega Man Anniversary Collection,GBA,1970,Platform,Unknown  ,Capcom  ,,,,,,,
39530,Mega Man Battle Chip Challenge,WiiU,2014,Misc,Capcom  ,Capcom Production Studio 2  ,,,,,,,
39531,Mega Man Battle Network,WiiU,2014,Role-Playing,Capcom  ,Capcom  ,,,,,,,
39532,Mega Man Dual Pack,PSP,2011,Platform,Capcom  ,Capcom  ,,,,,,,
39533,Mega Man II,3DS,2014,Misc,Capcom  ,Unknown  ,,,,,,,
39534,Mega Man III,GB,1992,Action,Capcom  ,Capcom  ,,,,,,,
39535,Mega Man III,3DS,2014,Misc,Capcom  ,Unknown  ,,,,,,,
39536,Mega Man IV,GB,1993,Action,Capcom  ,Capcom  ,,,,,,,
39537,Mega Man IV,3DS,2014,Misc,Capcom  ,Unknown  ,,,,,,,
39538,Mega Man Legends,PC,2001,Adventure,Capcom  ,Capcom  ,,,,,,,
39539,Mega Man Legends 2,PS,2000,Adventure,Capcom  ,Capcom  ,,,,,,,
39540,Mega Man Legends 2,PC,2000,Adventure,Capcom  ,Capcom  ,,,,,,,
39541,Mega Man Maverick Hunter X,PSN,2009,Platform,Capcom  ,Capcom  ,,,,,,,
39542,Mega Man Powered Up,PSN,N/A,Platform,Unknown  ,Capcom  ,,,,,,,
39543,Mega Man Universe,PSN,N/A,Platform,Unknown  ,Capcom  ,,,,,,,
39544,Mega Man Universe,XBL,N/A,Platform,Unknown  ,Capcom  ,,,,,,,
39545,Mega Man V,GB,1994,Platform,Capcom  ,Capcom  ,,,,,,,
39546,Mega Man V,3DS,2014,Misc,Capcom  ,Unknown  ,,,,,,,
39547,Mega Man X,PC,1995,Platform,Capcom  ,Capcom  ,,,,,,,
39548,Mega Man X,VC,2011,Platform,Capcom  ,Capcom  ,,,,,,,
39549,Mega Man X3,PS,1997,Platform,Virgin Interactive  ,Capcom  ,,,,,,,
39550,Mega Man X3,SAT,1996,Platform,Capcom  ,Capcom  ,,,,,,,
39551,Mega Man X3,PC,1998,Platform,Capcom  ,Capcom  ,,,,,,,
39552,Mega Man X3,WiiU,2014,Action,Capcom  ,Capcom  ,,,,,,,
39553,Mega Man X4,PC,1998,Platform,Capcom  ,Capcom  ,,,,,,,
39554,Mega Man X4,PSV,2014,Action,Capcom  ,Capcom  ,,,,,,,
39555,Mega Man X5,PC,2002,Platform,Capcom  ,Capcom  ,,,,,,,
39556,Mega Man X5,PSV,2014,Platform,Capcom  ,Capcom  ,,,,,,,
39557,Mega Man X5,PS3,2014,Platform,Unknown  ,Capcom  ,,,,,,,
39558,Mega Man X6,PC,2002,Platform,Capcom  ,Capcom  ,,,,,,,
39559,Mega Man X8,PC,2005,Platform,Capcom  ,Capcom  ,,,,,,,
39560,Mega Man Xtreme,3DS,2014,Misc,Capcom  ,Unknown  ,,,,,,,
39561,Mega Man Xtreme 2,3DS,2014,Misc,Capcom  ,Unknown  ,,,,,,,
39562,Mega Man: Dr. Wily's Revenge,3DS,2011,Platform,Capcom  ,Capcom  ,7.5,,,,,,
39563,Mega Man: The Wily Wars,GEN,1994,Platform,Capcom  ,Capcom  ,,,,,,,
39564,Mega Monster Mania,XBL,2010,Role-Playing,Microsoft  ,Stegersaurus Games  ,,,,,,,
39565,Mega Panel,GEN,1990,Puzzle,Namco  ,Namco  ,,,,,,,
39566,Mega Race,SCD,1994,Racing,Software Toolworks  ,Cryo Interactive  ,,,,,,,
39567,Mega Schwarzschild,SCD,1993,Strategy,Sega  ,Sega  ,,,,,,,
39568,Mega SWiV,GEN,1994,Shooter,Time Warner Interactive  ,Sales Curve Interactive  ,,,,,,,
39569,Mega Turrican,GEN,1994,Platform,Data East  ,Factor 5  ,,,,,,,
39570,Mega Turrican,VC,2008,Platform,Factor 5  ,Factor 5  ,,,,,,,
39571,Mega Words,DSiW,2010,Puzzle,Digital Leisure Inc.  ,Digital Leisure Inc.  ,,,,,,,
39572,Megadimension Neptunia VII,PC,2016,Role-Playing,Idea Factory International  ,Compile Heart  ,,,,,,,
39573,Megaforce,2600,1982,Action,20th Century Fox Video Games  ,20th Century Fox Video Games  ,,,,,,,
39574,Megalit,GB,1992,Puzzle,Asmik Corp  ,Takara  ,,,,,,,
39575,Megalopolis,XBL,2009,Strategy,Microsoft  ,MonkeysInSpaceSuits  ,,,,,,,
39576,Megamania,5200,1983,Shooter,Activision  ,Activision  ,,,,,,,
39577,Megamania,2600,N/A,Shooter,Unknown  ,Activision  ,,,,,,,
39578,Megami Tengoku II,PCFX,1996,Adventure,NEC  ,NEC  ,,,,,,,
39579,Megami Tengoku: Megami Paradise,PCE,1994,Role-Playing,NEC  ,NEC  ,,,,,,,
39580,Megami Tensei Gaiden: Last Bible,GB,1992,Role-Playing,Atlus  ,Access  ,,,,,,,
39581,Megami Tensei Gaiden: Last Bible,GG,1994,Role-Playing,Sega  ,Access  ,,,,,,,
39582,Megami Tensei Gaiden: Last Bible II,GB,1993,Role-Playing,Atlus  ,Multimedia Intelligence Transfer  ,,,,,,,
39583,Megami Tensei Gaiden: Last Bible II (GBC),GB,1999,Role-Playing,Atlus  ,Multimedia Intelligence Transfer  ,,,,,,,
39584,Megami Tensei Gaiden: Last Bible Special,GG,1995,Role-Playing,Sega  ,Access  ,,,,,,,
39585,Megamind: The Blue Defender,PSN,2010,Adventure,THQ  ,Tantalus Interactive  ,,,,,,,
39586,MegaRace,3DO,1994,Racing,Mindscape  ,Cryo Interactive  ,,,,,,,
39587,MegaRace,PC,1993,Racing,Software Toolworks  ,Cryo Interactive  ,,,,,,,
39588,MegaRace 2,PC,1996,Racing,Mindscape  ,Cryo Interactive  ,,,,,,,
39589,MegaRace 3,PC,2001,Racing,Microids  ,Cryo Interactive  ,,,,,,,
39590,MEGASTUNT Mayhem,3DS,2012,Misc,UFO Interactive Games  ,Unknown  ,,,,,,,
39591,MEGASTUNT Mayhem,DSi,2012,Misc,UFO Interactive Games  ,Unknown  ,,,,,,,
39592,MEGASTUNT Mayhem,Linux,2012,Misc,UFO Interactive  ,Unknown  ,,,,,,,
39593,Megatokyo,Linux,2020,Misc,Supersonic  ,Unknown  ,,,,,,,
39594,Megatokyo,PC,2020,Misc,Supersonic  ,Unknown  ,,,,,,,
39595,Megatokyo,OSX,2020,Misc,Supersonic  ,Unknown  ,,,,,,,
39596,MegaTraveller 2: Quest for the Ancients,PC,1991,Role-Playing,Microprose  ,Paragon Software  ,,,,,,,
39597,Megatraveller: The Zhodani Conspiracy,PC,1990,Role-Playing,Unknown  ,Paragon Software  ,,,,,,,
39598,MegaTrivia 2,GIZ,N/A,Misc,Unknown  ,Hometown I.S.  ,,,,,,,
39599,Megumi Rescue,MS,1988,Action,Sega  ,Sega  ,,,,,,,
39600,Mehime no Toriko,PC,2006,Adventure,Unknown  ,Gage  ,,,,,,,
39601,Mei * Puru,DC,2002,Adventure,Princess Soft  ,Oaks Soft  ,,,,,,,
39602,Meikyou Kokugo: Rakubiki Jiten,DSiW,2009,Misc,Nintendo  ,Nintendo  ,,,,,,,
39603,Meitantei Conan,PS,1998,Adventure,Bandai  ,Bandai  ,,,,,,,
39604,Meitantei Conan: 3-Jin no Meitantei,PS,2000,Adventure,Bandai  ,Bandai  ,,,,,,,
39605,Meitantei Conan: Akatsuki no Monument,GBA,2005,Adventure,Banpresto  ,Banpresto  ,,,,,,,
39606,Meitantei Conan: Chika Yuuenchi Satsujin Jiken,GB,1996,Adventure,Bandai  ,Bandai  ,,,,,,,
39607,Meitantei Conan: Daiei Teikoku no Isan,PS2,2004,Adventure,Bandai  ,Bandai  ,,,,,,,
39608,Meitantei Conan: Giwaku no Gouka Ressha,GB,1998,Adventure,Bandai  ,Bandai  ,,,,,,,
39609,Meitantei Conan: Karakuri Jiin Satsujin Jiken,GB,2000,Adventure,Banpresto  ,Alpha Unit  ,,,,,,,
39610,Meitantei Conan: Kiganshima Hihou Densetsu,GB,2000,Adventure,Banpresto  ,Alpha Unit  ,,,,,,,
39611,Meitantei Conan: Majutsushi no Chousenjou!,WS,1999,Adventure,Bandai  ,Tomcat System  ,,,,,,,
39612,Meitantei Conan: Nerawareta Tantei,GBA,2003,Adventure,Banpresto  ,Fortyfive  ,,,,,,,
39613,Meitantei Conan: Nishi no Meitantei Saidai no Kiki!?,WS,2000,Adventure,Bandai  ,Tomcat System  ,,,,,,,
39614,Meitantei Conan: Norowareta Kouro,GB,2001,Adventure,Banpresto  ,Alpha Unit  ,,,,,,,
39615,Meitantei Conan: Saikou no Aibou,PS,2002,Adventure,Bandai  ,Bandai  ,,,,,,,
39616,Meitantei Conan: Trick Trick Vol. 1,PS,2003,Misc,Bandai  ,Kamui  ,,,,,,,
39617,Meitantei Conan: Yuugure no Ouju,WS,2001,Adventure,Bandai  ,Tomcat System  ,,,,,,,
39618,Meltdown,7800,1990,Action,Atari  ,Atari  ,,,,,,,
39619,Meltdown (2013),And,2013,Misc,Bulkypix  ,Unknown  ,,,,,,,
39620,Meltdown (2013),PC,2014,Misc,Bulkypix  ,Unknown  ,,,,,,,
39621,Meltdown (2013),OSX,2014,Misc,Bulkypix  ,Unknown  ,,,,,,,
39622,Meltdown (2013),Ouya,2014,Misc,Bulkypix  ,Unknown  ,,,,,,,
39623,Melty Blood,PC,2002,Fighting,Type-Moon  ,Type-Moon  ,,,,,,,
39624,Melty Blood: Act Cadenza Version B,PC,2007,Fighting,Ecole  ,Type-Moon  ,,,,,,,
39625,Melty Blood: Re-ACT,PC,2004,Fighting,Type-Moon  ,Type-Moon  ,,,,,,,
39626,Melty Blood: Re-ACT Final Tuned,PC,2005,Fighting,Type-Moon  ,Type-Moon  ,,,,,,,
39627,Melty Lancer: Ginga Shoujo Keisatsu 2086,PS,1996,Strategy,Imagineer  ,Tenky  ,,,,,,,
39628,Melty Lancer: Ginga Shoujo Keisatsu 2086,SAT,1996,Strategy,Imagineer  ,Tenky  ,,,,,,,
39629,Melty Lancer: Re-inforce,PS,1997,Strategy,Imadio  ,Tenky  ,,,,,,,
39630,Melty Lancer: Re-inforce,SAT,1998,Strategy,Imadio  ,Tenky  ,,,,,,,
39631,Melty Lancer: The 3rd Planet,PS,1999,Strategy,Konami  ,Tenky  ,,,,,,,
39632,Melty Märchen,PC,2003,Simulation,Panda House  ,Panda House  ,,,,,,,
39633,Melvin's Meltdown,XBL,2008,Puzzle,Microsoft  ,ThinkTank  ,,,,,,,
39634,Memento Mori,PC,2009,Adventure,Got Game Entertainment  ,Cinemax  /  Centauri Production  ,,,,,,,
39635,Memento Mori 2: Guardians of Immortality,PC,2014,Adventure,Bohemia Interactive  ,Centauri Production  ,,,,,,,
39636,Memorania,XBL,2009,Misc,Microsoft  ,MrBenj4min  ,,,,,,,
39637,Memoria,PC,2015,Misc,Daedalic Entertainment  ,Unknown  ,,,,,,,
39638,Memorial * Series: Sunsoft Vol. 5: Raf World / Hebereke,PS,2002,Misc,Sunsoft  ,Microvision  ,,,,,,,
39639,Memorial * Series: Sunsoft Vol. 5: Raf World / Hebereke,PSN,2010,Misc,Sunsoft  ,Microvision  ,,,,,,,
39640,Memorial Song,PS2,2002,Adventure,Datam Polystar  ,Datam Polystar  ,,,,,,,
39641,Memories of a Broken Dimension,Linux,2016,Adventure,Unknown  ,Unknown  ,,,,,,,
39642,Memories of a Broken Dimension,OSX,2016,Adventure,Unknown  ,Unknown  ,,,,,,,
39643,Memories of a Broken Dimension,PC,2016,Adventure,Unknown  ,Unknown  ,,,,,,,
39644,Memories of a Vagabond,PC,2014,Role-Playing,DarkElite   ,DarkElite  ,,,,,,,
39645,Memories Off,PS,1999,Adventure,KID  ,KID  ,,,,,,,
39646,Memories Off,PC,2000,Adventure,KID  ,KID  ,,,,,,,
39647,Memories Off #5: Encore,PSP,2009,Adventure,5pb  ,5pb. Games  ,,,,,,,
39648,Memories Off #5: Togireta Film,PS2,2005,Adventure,KID  ,KID Corporation  ,,,,,,,
39649,Memories Off 2nd,DC,2001,Adventure,KID  ,KID  ,,,,,,,
39650,Memories Off 2nd,PS,2001,Adventure,KID  ,KID  ,,,,,,,
39651,Memories Off 2nd,PC,2002,Adventure,KID  ,KID  ,,,,,,,
39652,Memories Off After Rain Vol.1: Oridzuru,PS2,2005,Adventure,KID  ,KID Corporation  ,,,,,,,
39653,Memories Off After Rain Vol.2: Souen,PS2,2005,Adventure,KID  ,KID Corporation  ,,,,,,,
39654,Memories Off After Rain Vol.3: Sotsugyou,PS2,2005,Adventure,KID  ,KID Corporation  ,,,,,,,
39655,Memories Off Complete,DC,2000,Adventure,KID  ,KID  ,,,,,,,
39656,Memories Off Duet: 1st & 2nd Stories,PS2,2003,Adventure,KID  ,KID Corporation  ,,,,,,,
39657,Memories Off Duet: 1st & 2nd Stories,PC,N/A,Adventure,Unknown  ,KID Corporation  ,,,,,,,
39658,Memories Off Mix,PS2,2003,Adventure,KID  ,KID Corporation  ,,,,,,,
39659,Memories Off: Festa,WS,2001,Adventure,KID  ,KID Corporation  ,,,,,,,
39660,Memories Off: Omoide ni Kawaru-Kun,DC,2002,Adventure,KID  ,KID Corporation  ,,,,,,,
39661,Memories Off: Omoide ni Kawaru-Kun,PS2,2002,Adventure,KID  ,KID Corporation  ,,,,,,,
39662,Memories Off: Omoide ni Kawaru-Kun,PC,2004,Adventure,KID  ,KID Corporation  ,,,,,,,
39663,Memories Off: Sorekara,PS2,2004,Adventure,KID  ,KID Corporation  ,,,,,,,
39664,Memories Off: Sorekara,PC,2004,Adventure,KID  ,KID Corporation  ,,,,,,,
39665,Memories Off: Sorekara Again,PSP,2009,Adventure,5pb  ,5pb. Games  ,,,,,,,
39666,Memory Match,2600,1978,Puzzle,Sears   ,Telegames  ,,,,,,,
39667,MemoStomp,XBL,2008,Misc,Microsoft  ,knickstorm  ,,,,,,,
39668,Men at Work!,PC,1999,Role-Playing,Studio e-go  ,Studio e-go  ,,,,,,,
39669,Men at Work! 2,PC,2000,Role-Playing,Studio e-go  ,Studio e-go  ,,,,,,,
39670,Men at Work! 3,PC,2002,Role-Playing,Studio e-go  ,Studio e-go  ,,,,,,,
39671,Men at Work! 3,PS2,2004,Role-Playing,KID  ,Studio e-go  ,,,,,,,
39672,Men at Work! 4,PC,2006,Role-Playing,Studio e-go  ,Studio e-go  ,,,,,,,
39673,Men in Black 2: The Series,GB,2000,Action,Crave Entertainment  ,David A. Palmer Productions  ,,,,,,,
39674,Men in Black II: Crossfire,PC,2002,Adventure,Sony Computer Entertainment  ,WildTangent  ,,,,,,,
39675,Men in Black: The Game,PS,1998,Action,Gremlin Interactive Ltd  ,Double Helix Games  ,,,,,,,
39676,Men in Black: The Game,PC,1997,Action,SouthPeak Interactive  ,Gigawatt Studios  ,,,,,,,
39677,Men in Black: The Series,GB,2000,Action,Crave Entertainment  ,Tiertex Design Studios  ,,,,,,,
39678,Men of Valor,PC,2004,Shooter,VU Games  ,"2015, Inc.  ",,,,,,,
39679,Men of War: Condemned Heroes,PC,2012,Misc,1C Company  ,1C-SoftClub  ,,,,,,,
39680,Men Vs Machines,3DS,2013,Misc,"ENTERBRAIN,INC.  ",Unknown  ,,,,,,,
39681,Men's Room Mayhem,PSV,2013,Misc,Triniti Interactive  ,Unknown  ,,,,,,,
39682,Men's Room Mayhem,And,2013,Misc,Triniti Interactive  ,Unknown  ,,,,,,,
39683,Mendel Palace,NES,1989,Puzzle,Hudson Soft  ,Game Freak  ,,,,,,,
39684,Mental Hospital: Eastern Bloc II,And,2014,Action,Igor Migun  ,Igor Migun  ,,,,,,,
39685,Menzoberranzan,PC,1994,Role-Playing,SSI  ,DreamForge Intertainment  ,,,,,,,
39686,Mercenaries 2: World in Flames,XBL,2010,Shooter,Electronic Arts  ,Pandemic Studios  ,,,,,,,
39687,Mercenaries Inc.,PS3,N/A,Shooter,Unknown  ,Pandemic Studios  ,,,,,,,
39688,Mercenaries Inc.,X360,N/A,Shooter,Unknown  ,Pandemic Studios  ,,,,,,,
39689,Mercenary Force,GB,1990,Shooter,Meldac  ,Kaze  ,,,,,,,
39690,Mercenary Kings,PS4,2014,Misc,Tribute Games  ,Unknown  ,,,,,,,
39691,Mercenary Kings,PSV,2015,Misc,Tribute Games  ,Unknown  ,,,,,,,
39692,Mercer Mayer's Little Critter: Just Me and My Grandpa,PC,1998,Misc,GT Interactive  ,GT Interactive  ,,,,,,,
39693,Merchants of Kaidan,PC,2014,Role-Playing,Forever Entertainment S.A.  ,Forever Entertainment S.A.  ,,,,,,,
39694,Mercs,MS,1987,Shooter,Sega  ,Sega  ,,,,,,,
39695,Mercs,GEN,1991,Shooter,Sega  ,Capcom  ,,,,,,,
39696,Mercs,VC,2009,Shooter,Sega  ,Capcom  ,,,,,,,
39697,Mercuria: Nizu no Miyako ni Koi o Hanataba o,PC,2010,Adventure,Unknown  ,Hearts  ,,,,,,,
39698,Mercurius Pretty: End of the Century,DC,2000,Strategy,NEC Interchannel   ,Stack  ,,,,,,,
39699,Mercury,XOne,2016,Action,Unknown  ,Unknown  ,,,,,,,
39700,Mercury Hg,PSN,2011,Puzzle,Ignition Entertainment  ,Ignition Entertainment  ,7.0,,,,,,
39701,Mercury Hg,XBL,2011,Puzzle,Ignition Entertainment  ,Ignition Entertainment  ,,,,,,,
39702,Mercury Meltdown,PSN,2009,Puzzle,Ignition Entertainment  ,Ignition Entertainment  ,,,,,,,
39703,Mercury Meltdown Remix,PS2,2006,Puzzle,Ignition Entertainment  ,Ignition Entertainment  ,,,,,,,
39704,Meridian: New World,PC,2014,Misc,Headup Games  ,Unknown  ,,,,,,,
39705,Merlin,GB,2001,Platform,Electronic Arts  ,RFX Interactive  ,,,,,,,
39706,Mermaid Melody: Pichi Pichi Picchi,GBA,2003,Misc,Konami  ,Konami  ,,,,,,,
39707,Mermaid Melody: Pichi Pichi Picchi Pichi Pichi Party,GBA,2003,Misc,Konami  ,Konami  ,,,,,,,
39708,Mermaid Melody: Pichi Pichi Picchi Pichi Pichitto Live Start,GBA,2004,Misc,Konami  ,Konami  ,,,,,,,
39709,Mermaid no Kisetsu,PS,2001,Adventure,NetVillage  ,NetVillage  ,,,,,,,
39710,Mermaid no Kisetsu: Curtain Call,PS,2002,Adventure,NetVillage  ,NetVillage  ,,,,,,,
39711,Mermaid Prism,PS2,2006,Adventure,D3 Publisher  ,Vingt-et-un Systems  ,,,,,,,
39712,Mermaid Resort,And,2013,Misc,Copenhagen Creators  ,Unknown  ,,,,,,,
39713,Mermaids of Atlantis: The Riddle of the Magic Bubble,NES,1991,Puzzle,American Video Entertainment  ,Panesian  ,,,,,,,
39714,Merv Griffin's Crosswords,XBL,2008,Puzzle,THQ  ,Pipeworks Software Inc.  ,,,,,,,
39715,Merv Griffin's Crosswords,PC,2008,Puzzle,Elephant Entertainment  ,Elephant Entertainment  ,,,,,,,
39716,Mesmerize: Distort,PSN,2007,Action,Sony Computer Entertainment  ,SCEE London Studio  ,,,,,,,
39717,Mesmerize: Trace,PSN,2008,Action,Sony Computer Entertainment  ,SCEE London Studio  ,,,,,,,
39718,Messiah (Japan),PC,2006,Adventure,Orbit Soft  ,Orbit Soft  ,,,,,,,
39719,Messiah: Paranoia Paradox,PC,2008,Adventure,Orbit Soft  ,Orbit Soft  ,,,,,,,
39720,Meta Communication Therapy: Ne Kiite,WS,2000,Strategy,Media Entertainment  ,Media Entertainment Inc.  ,,,,,,,
39721,Metal Arms: Glitch in the System,XBL,2008,Shooter,Activision  ,Swingin' Ape Studios  ,,,,,,,
39722,Metal Black,SAT,1996,Shooter,Ving  ,Taito  ,,,,,,,
39723,Metal Combat: Falcon's Revenge,SNES,1993,Shooter,Nintendo  ,Intelligent Systems  ,,,,,,,
39724,Metal Drift,PC,N/A,Racing,Unknown  ,Black Jacket Studios  ,,,,,,,
39725,Metal Fatigue,PC,2000,Strategy,TalonSoft  ,Zono Inc.  ,,,,,,,
39726,Metal Fight Beyblade Portable: Chouzetsu Tensei Vulcan Horses,PSN,2010,Action,Takara Tomy   ,Takara Tomy  ,,,,,,,
39727,Metal Fighter,NES,1989,Shooter,Color Dreams  ,Joy Van  ,,,,,,,
39728,Metal Fighter Star Miku,SAT,1995,Adventure,Victor Interactive  ,Victor Interactive Software  ,,,,,,,
39729,Metal Gear,NES,1988,Adventure,Ultra Games  ,Konami  ,,,,,,,
39730,Metal Gear,PC,1990,Adventure,Ultra Games  ,Konami  ,,,,,,,
39731,Metal Gear,VC,2009,Action,Konami  ,Konami  ,,,,,,,
39732,Metal Gear,PS2,2007,Misc,Konami Digital Entertainment  ,Unknown  ,,,,,,,
39733,Metal Gear 2: Solid Snake,VC,2010,Action,Konami  ,Konami  ,,,,,,,
39734,Metal Gear 2: Solid Snake,PS2,2007,Misc,Konami Digital Entertainment  ,Unknown  ,,,,,,,
39735,Metal Gear Acid Mobile,Mob,2008,Strategy,Glu Mobile Inc.  ,Konami  ,,,,,,,
39736,Metal Gear Online,PSN,2008,Action,Konami  ,Kojima Productions  ,,,,,,,
39737,Metal Gear Solid,GB,2000,Action,Konami  ,Konami Computer Entertainment Japan  ,9.6,,,,,,
39738,Metal Gear Solid 2: Sons of Liberty,PC,2003,Misc,Konami Digital Entertainment  ,Unknown  ,,,,,,,
39739,Metal Gear Solid 2: Sons of Liberty,X360,2011,Misc,Konami Digital Entertainment  ,Unknown  ,,,,,,,
39740,Metal Gear Solid 2: Sons of Liberty,PS3,2011,Misc,Konami Digital Entertainment  ,Unknown  ,,,,,,,
39741,Metal Gear Solid 3: Snake Eater,X360,2011,Misc,Konami Digital Entertainment  ,Unknown  ,,,,,,,
39742,Metal Gear Solid 3: Snake Eater,PS3,2011,Misc,Konami Digital Entertainment  ,Unknown  ,,,,,,,
39743,Metal Gear Solid 3: Snake Eater HD Edition,PSV,2012,Action-Adventure,Konami Digital Entertainment  ,Armature Studio  ,,,,,,,
39744,Metal Gear Solid Mobile,NGage,2008,Adventure,Konami  ,Ideaworks3D  ,,,,,,,
39745,Metal Gear Solid Mobile,Mob,2008,Action-Adventure,Konami Digital Entertainment  ,Ideaworks3D  ,,,,,,,
39746,Metal Gear Solid V: The Phantom Pain,PS3,2015,Action-Adventure,Konami Digital Entertainment  ,Kojima Productions  ,,,,,,,
39747,Metal Gear Solid: Peace Walker,PSN,2010,Action,Konami  ,Kojima Productions  ,,,,,,,
39748,Metal Gear Solid: Peace Walker,X360,2011,Misc,Konami Digital Entertainment  ,Unknown  ,,,,,,,
39749,Metal Gear Solid: Peace Walker,PS3,2011,Misc,Konami Digital Entertainment  ,Unknown  ,,,,,,,
39750,Metal Gear Solid: Portable Ops,PSN,2009,Action,Konami  ,Kojima Productions  ,,,,,,,
39751,Metal Gear Solid: Portable Ops Plus,PSN,2009,Action,Konami  ,Kojima Productions  ,,,,,,,
39752,Metal Gear: Ghost Babel,GBC,2000,Action,Konami Digital Entertainment  ,TOSE  ,,,,,,,
39753,Metal Marines,SNES,1993,Strategy,Namco  ,Namco  ,,,,,,,
39754,Metal Marines,VC,2007,Strategy,Namco Bandai  ,Namco  ,,,,,,,
39755,Metal Marines,PC,1994,Strategy,Mindscape  ,Namco  ,,,,,,,
39756,Metal Masters,GB,1993,Fighting,Electro Brain  ,Bit Managers  ,,,,,,,
39757,Metal Max,NES,1991,Role-Playing,Data East  ,Crea-Tech  ,,,,,,,
39758,Metal Max,VC,2010,Role-Playing,Enterbrain  ,Crea-Tech  ,,,,,,,
39759,Metal Max 2,SNES,1993,Role-Playing,Data East  ,Crea-Tech  ,,,,,,,
39760,Metal Max 2,VC,2010,Role-Playing,Enterbrain  ,Crea-Tech  ,,,,,,,
39761,Metal Max 2 Kai,GBA,2003,Role-Playing,Now Production  ,Now Production  ,,,,,,,
39762,Metal Max Returns,VC,2011,Role-Playing,Enterbrain  ,Crea-Tech  ,,,,,,,
39763,Metal Morph,SNES,1986,Action,FCI  ,Origin  ,,,,,,,
39764,Metal Slader Glory,NES,1991,Adventure,HAL Laboratory  ,HAL Laboratory  ,,,,,,,
39765,Metal Slader Glory,VC,2007,Adventure,HAL Laboratory  ,HAL Laboratory  ,,,,,,,
39766,Metal Slader Glory: Director's Cut,SNES,2000,Adventure,Nintendo  ,HAL Laboratory  ,,,,,,,
39767,Metal Slug,NG,1996,Shooter,SNK  ,Nazca Corporation  ,,,,,,,
39768,Metal Slug,VC,2008,Shooter,D4 Enterprise  ,Nazca Corporation  ,,,,,,,
39769,Metal Slug,PS,1997,Shooter,SNK  ,SNK Corporation  ,,,,,,,
39770,Metal Slug,SAT,1997,Shooter,SNK  ,SNK Corporation  ,,,,,,,
39771,Metal Slug,PSN,2007,Shooter,SNK Playmore  ,SNK Corporation  ,,,,,,,
39772,Metal Slug,PS2,N/A,Role-Playing,Unknown  ,SNK Playmore Corporation  ,,,,,,,
39773,Metal Slug,Linux,2013,Misc,SNK Playmore  ,Unknown  ,,,,,,,
39774,Metal Slug,Linux,1996,Misc,Trigger Apps  ,Unknown  ,,,,,,,
39775,Metal Slug,Arc,1996,Misc,Trigger Apps  ,Unknown  ,,,,,,,
39776,Metal Slug (CD),NG,1996,Shooter,SNK  ,Nazca Corporation  ,,,,,,,
39777,Metal Slug (NG),PSN,2010,Shooter,SNK Playmore  ,SNK Corporation  ,,,,,,,
39778,Metal Slug (PSP),PSN,2010,Shooter,SNK Playmore  ,SNK Corporation  ,,,,,,,
39779,Metal Slug 2,NG,1998,Shooter,SNK  ,SNK Corporation  ,,,,,,,
39780,Metal Slug 2,VC,2008,Shooter,D4 Enterprise  ,SNK Corporation  ,,,,,,,
39781,Metal Slug 2,PSN,2011,Action,SNK Playmore  ,SNK Plymore  ,,,,,,,
39782,Metal Slug 2 (CD),NG,1998,Shooter,SNK  ,SNK Corporation  ,,,,,,,
39783,Metal Slug 3,NG,2001,Shooter,SNK  ,SNK Corporation  ,,,,,,,
39784,Metal Slug 3,XBL,2008,Shooter,SNK Playmore  ,SNK Playmore Corporation  ,,,,,,,
39785,Metal Slug 3,PS2,2004,Shooter,Ignition Entertainment  ,SNK Corporation  ,,,,,,,
39786,Metal Slug 3,PS3,2015,Shooter,SNK Playmore  ,Trigger Apps  ,,,,,,,
39787,Metal Slug 3,PSV,2015,Shooter,SNK Playmore  ,Trigger Apps  ,,,,,,,
39788,Metal Slug 3,PS4,2015,Shooter,SNK Playmore  ,Trigger Apps  ,,,,,,,
39789,Metal Slug 4,NG,2002,Shooter,SNK  ,BrezzaSoft  ,,,,,,,
39790,Metal Slug 4,PS2,2005,Shooter,Ignition Entertainment  ,SNK Playmore Corporation  ,,,,,,,
39791,Metal Slug 4,XB,2005,Shooter,Ignition Entertainment  ,SNK Playmore Corporation  ,,,,,,,
39792,Metal Slug 5,NG,2004,Shooter,SNK  ,Noise Factory  ,,,,,,,
39793,Metal Slug 5,PS2,2006,Shooter,Ignition Entertainment  ,SNK Playmore Corporation  ,,,,,,,
39794,Metal Slug 5,XB,N/A,Shooter,Unknown  ,SNK Playmore Corporation  ,,,,,,,
39795,Metal Slug 6,PS2,2006,Shooter,SNK Playmore  ,SNK Playmore Corporation  ,,,,,,,
39796,Metal Slug Anthology,PSN,2009,Shooter,SNK Playmore  ,Terminal Reality  ,,,,,,,
39797,Metal Slug Collection PC,PC,2009,Shooter,DHM Interactive  ,SNK Playmore Corporation  ,,,,,,,
39798,METAL SLUG DEFENSE,And,2014,Misc,SNK Playmore  ,Unknown  ,,,,,,,
39799,Metal Slug X,NG,1999,Shooter,SNK  ,SNK Corporation  ,,,,,,,
39800,Metal Slug X,PSN,2011,Shooter,Sony Computer Entertainment  ,ProSoft  ,,,,,,,
39801,Metal Slug XX,XBL,2010,Shooter,SNK Playmore  ,SNK Playmore Corporation  ,,,,,,,
39802,Metal Slug XX,PSN,2010,Shooter,SNK Playmore  ,SNK Playmore Corporation  ,,,,,,,
39803,Metal Stoker,PCE,1991,Shooter,FACE  ,Sankindo  ,,,,,,,
39804,Metal Storm,NES,1991,Action,Irem Software Engineering  ,Tamtex  ,,,,,,,
39805,Metal Torrent,DSiW,2010,Shooter,Nintendo  ,Arika  ,,,,,,,
39806,Metal Walker,GB,2001,Role-Playing,Capcom  ,Capcom  ,,,,,,,
39807,Metal Warriors,SNES,1995,Action,Konami  ,LucasArts  ,,,,,,,
39808,Metal Wolf,DC,2002,Adventure,Princess Soft  ,Princess Soft  ,,,,,,,
39809,Metal Wolf Chaos,XB,2004,Simulation,From Software  ,From Software  ,,,,,,,
39810,Metal Wolf REV,PS2,2006,Adventure,Princess Soft  ,Princess Soft  ,,,,,,,
39811,Metalgun Slinger,GBA,2002,Action,Atmark  ,Atmark  ,,,,,,,
39812,Metalheart: Replicants Rampage,PC,2005,Role-Playing,DreamCatcher Interactive  ,Akella  ,,,,,,,
39813,MetalMech: Man & Machine,NES,1991,Action,Jaleco  ,Sculptured Software  ,,,,,,,
39814,Metalocalypse: Dethgame,XBL,N/A,Action,Unknown  ,Frozen Codebase  ,,,,,,,
39815,Metalocalypse: Dethgame,PSN,N/A,Action,Unknown  ,Frozen Codebase  ,,,,,,,
39816,Metamode,GB,2000,Role-Playing,KOEI  ,Koei  ,,,,,,,
39817,Metamor Jupiter,PCE,1993,Shooter,NEC  ,Flight-Plan  ,,,,,,,
39818,Metamoru Panic: Doki Doki Youma Busters!!,PS,1995,Adventure,Family Soft  ,Family Soft  ,,,,,,,
39819,Metamoru Panic: Doki Doki Youma Busters!!,PSN,2010,Adventure,Family Soft  ,Family Soft  ,,,,,,,
39820,Metara,PSN,2011,Strategy,Unknown  ,Playgroundsquad  ,,,,,,,
39821,Meteorites,5200,1984,Shooter,Unknown  ,Electra  ,,,,,,,
39822,Meteos Wars,XBL,2008,Puzzle,Q Entertainment  ,Q Entertainment Inc.  ,,,,,,,
39823,Metrico,PSV,2014,Puzzle,Digital Dreams  ,Digital Dreams  ,,,,,,,
39824,Metro Exodus,XOne,2019,Shooter,Deep Silver  ,4a-games  ,,,,,,,
39825,Metro Exodus,PS4,2019,Shooter,Deep Silver  ,4a-games  ,8.5,,,,,,
39826,Metro-Cross,NES,1986,Racing,Namco  ,Namco  ,,,,,,,
39827,Metro: Last Light,Linux,2013,Misc,Deep Silver  ,Unknown  ,,,,,,,
39828,Metro: Last Light,OSX,2013,Misc,Deep Silver  ,Unknown  ,,,,,,,
39829,Metrocide,PC,2014,Action,Flat Earth Games  ,Flat Earth Games  ,,,,,,,
39830,Metroid,VC,2007,Adventure,Nintendo  ,Nintendo R&D1  ,8.0,,,,,,
39831,Metroid (FDS),NES,1986,Adventure,Nintendo  ,Nintendo R&D1  ,,,,,,,
39832,Metroid Fusion,WiiU,2014,Misc,Nintendo  ,Unknown  ,,,,,,,
39833,Metroid II: Return of Samus,3DS,2011,Adventure,Nintendo  ,Nintendo R&D1  ,9.0,,,,,,
39834,Metroid Prime / The Legend of Zelda: The Wind Waker,GC,2005,Misc,Nintendo  ,Retro Studios / Nintendo EAD  ,,,,,,,
39835,Metroid Prime 4: Beyond,NS,2021,Action-Adventure,Nintendo  ,Nintendo  ,,,,,,,
39836,Mevius Final Fantasy,And,2020,Role-Playing,Square Enix  ,Square Enix  ,,,,,,,
39837,Mew-Genics,PC,2014,Misc,Team Meat  ,Unknown  ,,,,,,,
39838,Mezase Debut! Fashion Designer Monogatari + Kawaii Pet Game Gallery 2,GBA,2004,Misc,Culture Brain  ,Culture Brain  ,,,,,,,
39839,Mezase Ero Mangaka: Watashi Shoujo Desu Kedo!?,PC,2011,Adventure,Swan  ,Swan  ,,,,,,,
39840,Mezase! Koushien,GBA,2005,Sports,Tasuke  ,Tasuke  ,,,,,,,
39841,Mezase! Shoujo Manga Ka! Chao Manga School,DS,2006,Misc,TDK Core  ,TDK Core  ,,,,,,,
39842,Mia Hamm Soccer Shootout,GB,2000,Sports,SouthPeak Interactive  ,Aqua Pacific  ,,,,,,,
39843,Miami Nights: Life in the Spotlight,DSiW,2009,Simulation,Gameloft  ,Gameloft  ,,,,,,,
39844,Miburi & Teburi,Wii,2008,Puzzle,Sega  ,Climax Entertainment  ,,,,,,,
39845,Michael Andretti's World Grand Prix,NES,1990,Racing,Sammy Corporation  ,Varie  ,,,,,,,
39846,Michael Jackson's Moonwalker,GEN,1990,Platform,Sega  ,Ultimate Productions  ,,,,,,,
39847,Michael Jackson's Moonwalker,MS,1989,Platform,Sega  ,Sega  ,,,,,,,
39848,Michael Jackson's Moonwalker,GG,N/A,Platform,Unknown  ,Sega  ,,,,,,,
39849,Michael Jackson's Moonwalker,VC,N/A,Platform,Unknown  ,Ultimate Productions  ,,,,,,,
39850,Michael Jackson: The Experience,PSN,2010,Misc,Ubisoft  ,Ubisoft Montreal  ,,,,,,,
39851,Michael Jordan in Chaos in the Windy City,SNES,1994,Platform,Electronic Arts  ,Electronic Arts  ,,,,,,,
39852,Michael Vaughan's Championship Cricket Manager,PC,2001,Sports,Midas Interactive Entertainment  ,Midas Interactive Entertainment  ,,,,,,,
39853,Mick & Mack as the Global Gladiators,GEN,1992,Platform,Virgin Interactive  ,Virgin Interactive  ,,,,,,,
39854,Mickey Mania: The Timeless Adventures of Mickey Mouse,SNES,1995,Platform,Sony Imagesoft  ,Traveller's Tales  ,,,,,,,
39855,Mickey Mania: The Timeless Adventures of Mickey Mouse,SCD,1994,Platform,Sony Computer Entertainment  ,Traveller's Tales  ,,,,,,,
39856,Mickey Mania: The Timeless Adventures of Mickey Mouse,GEN,1994,Platform,Sony Imagesoft  ,Traveller's Tales  ,,,,,,,
39857,Mickey Mouse: Magic Wands!,GB,1998,Platform,Nintendo  ,Kemco  ,,,,,,,
39858,Mickey Mousecapade,NES,1988,Platform,Capcom  ,Hudson Soft  ,,,,,,,
39859,Mickey to Donald Magical Adventure 3,SNES,1995,Platform,Capcom  ,Capcom  ,,,,,,,
39860,Mickey's Adventure in Numberland,NES,1994,Misc,Hi Tech Expressions  ,Beam Software  ,,,,,,,
39861,Mickey's Dangerous Chase,GB,1992,Platform,Capcom  ,Kotobuki Systems  ,,,,,,,
39862,Mickey's Racing Adventure,GB,1999,Racing,Nintendo  ,Rare Ltd.  ,,,,,,,
39863,Mickey's Safari in Letterland,NES,1993,Misc,Hi Tech Expressions  ,Beam Software  ,,,,,,,
39864,Mickey's Speedway USA,GB,2001,Racing,Nintendo  ,Rare Ltd.  ,,,,,,,
39865,Mickey's Ultimate Challenge,GG,1994,Action,Hi Tech Expressions  ,Designer Software  ,,,,,,,
39866,Mickey's Ultimate Challenge,GB,1994,Action,Hi Tech Expressions  ,Designer Software  ,,,,,,,
39867,Mickey's Ultimate Challenge,MS,1989,Action,Tec Toy  ,Designer Software  ,,,,,,,
39868,Mickey's Ultimate Challenge,GEN,1994,Action,Hi Tech Expressions  ,Designer Software  ,,,,,,,
39869,Mickey's Ultimate Challenge,SNES,1994,Action,Hi Tech Expressions  ,Designer Software  ,,,,,,,
39870,Mickey's Wild Adventure,PS,1996,Platform,Sony Computer Entertainment  ,Traveller's Tales  ,,,,,,,
39871,miCoach,PS3,N/A,Sports,Unknown  ,THQ  ,,,,,,,
39872,miCoach,X360,N/A,Sports,Unknown  ,THQ  ,,,,,,,
39873,Micro Invasion,XBL,2009,Shooter,Microsoft  ,RGV Rascal  ,,,,,,,
39874,Micro Machines,GB,1995,Racing,Ocean  ,Mindscape Inc.  ,,,,,,,
39875,Micro Machines,GEN,1994,Racing,Codemasters  ,Codemasters  ,,,,,,,
39876,Micro Machines,SNES,1994,Racing,Ocean  ,Merit Studios  ,,,,,,,
39877,Micro Machines,GG,1993,Racing,Codemasters  ,Codemasters  ,,,,,,,
39878,Micro Machines,MS,1993,Racing,Codemasters  ,Codemasters  ,,,,,,,
39879,Micro Machines,GBA,2003,Racing,Atari  ,Paragon 5  ,,,,,,,
39880,Micro Machines,NES,1991,Racing,Camerica  ,Codemasters  ,,,,,,,
39881,Micro Machines,PC,1994,Racing,Codemasters  ,Big Red Software  ,,,,,,,
39882,Micro Machines,GC,N/A,Racing,Unknown  ,Atari  ,,,,,,,
39883,Micro Machines,XB,2002,Racing,Atari  ,Atari  ,,,,,,,
39884,Micro Machines 1 and 2: Twin Turbo,GB,2000,Racing,THQ  ,Virtucraft  ,,,,,,,
39885,Micro Machines 2: Turbo Tournament,GEN,1994,Racing,Codemasters  ,Codemasters  ,,,,,,,
39886,Micro Machines 2: Turbo Tournament,GB,1994,Racing,Ocean  ,Mindscape Inc.  ,,,,,,,
39887,Micro Machines 2: Turbo Tournament,SNES,1996,Racing,Ocean  ,Codemasters  ,,,,,,,
39888,Micro Machines 2: Turbo Tournament,GG,1995,Racing,Codemasters  ,Codemasters  ,,,,,,,
39889,Micro Machines 2: Turbo Tournament,PC,1996,Racing,Codemasters  ,Supersonic Software  ,,,,,,,
39890,Micro Machines Military,GEN,1996,Racing,Codemasters  ,Supersonic Software  ,,,,,,,
39891,Micro Machines Turbo Tournament 96,GEN,1995,Racing,Codemasters  ,Supersonic Software  ,,,,,,,
39892,Micro Machines V3,PC,1999,Racing,Codemasters  ,Toolbox Design Ltd.  ,,,,,,,
39893,Micro Machines V3,GB,2000,Racing,THQ  ,Novalicious  ,,,,,,,
39894,Micro Machines V4,PC,2006,Racing,Codemasters  ,Supersonic Software  ,,,,,,,
39895,MicroBot,PSN,2011,Shooter,Electronic Arts  ,Naked Sky Entertainment  ,6.4,,,,,,
39896,MicroBot,XBL,2010,Shooter,Electronic Arts  ,Naked Sky Entertainment  ,6.4,,,,,,
39897,Microcosm,SCD,1993,Shooter,Psygnosis  ,Psygnosis  ,,,,,,,
39898,Microcosm,3DO,1994,Shooter,Psygnosis  ,Psygnosis  ,,,,,,,
39899,Micron,OSX,2014,Puzzle,Apparition Games   ,Apparition Games  ,,,,,,,
39900,Micron,PC,2014,Puzzle,Apparition Games   ,Apparition Games  ,,,,,,,
39901,Micron,Linux,2014,Puzzle,Apparition Games   ,Apparition Games  ,,,,,,,
39902,Microsoft Flight Simulator 2.0,PC,N/A,Simulation,Unknown  ,Sublogic  ,,,,,,,
39903,Microsoft Flight Simulator 2000 Professional Edition,PC,1999,Simulation,Microsoft  ,ACES Game Studio  ,,,,,,,
39904,Microsoft Flight Simulator 3.0,PC,N/A,Simulation,Unknown  ,Sublogic  ,,,,,,,
39905,Microsoft Flight Simulator 4.0,PC,N/A,Simulation,Unknown  ,Bruce Artwick Organization  ,,,,,,,
39906,Microsoft Flight Simulator 5.0,PC,1993,Simulation,Microsoft  ,Bruce Artwick Organization  ,,,,,,,
39907,Microsoft Flight Simulator 5.1,PC,1995,Simulation,Microsoft  ,Bruce Artwick Organization  ,,,,,,,
39908,Microsoft Flight Simulator 98,PC,1997,Simulation,Microsoft  ,Microsoft Game Studios  ,,,,,,,
39909,Microsoft Golf Version 2.0,PC,1995,Sports,Microsoft  ,Microsoft Game Studios  ,,,,,,,
39910,Microsoft International Soccer 2000,PC,1999,Sports,Microsoft  ,Rage Software  ,,,,,,,
39911,Microsoft Space Simulator,PC,1994,Simulation,Microsoft  ,Microsoft  ,,,,,,,
39912,Microsoft Tinker,PC,2009,Puzzle,Microsoft  ,Fuel Industries  ,,,,,,,
39913,Microsoft Train Simulator Regional Add-On Pack: USA and Canada,PC,2002,Simulation,Strategy First  ,Auran  ,,,,,,,
39914,Microsoft. 3D Movie Maker,PC,1998,Misc,Microsoft  ,Microsoft Home  ,,,,,,,
39915,Midnight Bowling,WW,2008,Sports,Gameloft  ,Gameloft  ,,,,,,,
39916,Midnight Club 3: DUB Edition,PSN,2009,Racing,Rockstar Games  ,Rockstar Leeds  ,,,,,,,
39917,Midnight Club 3: DUB Edition (America/Others Sales),X360,2013,Misc,Kalypso Media  ,Unknown  ,,,,,,,
39918,Midnight Club 3: DUB Edition (America/Others Sales),PC,2013,Misc,Kalypso Media  ,Unknown  ,,,,,,,
39919,Midnight Club 3: DUB Edition (America/Others Sales),PS3,2013,Misc,Kalypso Media  ,Unknown  ,,,,,,,
39920,Midnight Club II,PC,2003,Racing,Rockstar Games  ,Rockstar San Diego  ,,,,,,,
39921,Midnight Club: LA Remix,PSN,2009,Racing,Rockstar Games  ,Rockstar London  ,,,,,,,
39922,Midnight Club: Los Angeles,XBL,2009,Racing,Rockstar Games  ,Rockstar San Diego  ,8.3,,,,,,
39923,Midnight Club: Los Angeles Complete Edition,PSN,2011,Racing,Rockstar Games  ,Rockstar San Diego  ,,,,,,,
39924,Midnight GT: Primary Racer,PC,N/A,Racing,Unknown  ,Rage Games Ltd.  ,,,,,,,
39925,Midnight Mutants,7800,1990,Action,Atari  ,Radioactive Software  ,,,,,,,
39926,Midnight Nowhere,PC,2004,Adventure,Tri Synergy  ,Buka Enterteinment  ,,,,,,,
39927,Midnight Pool,WW,2008,Sports,Gameloft  ,Gameloft  ,,,,,,,
39928,Midnight Raiders,SCD,1994,Shooter,Sega  ,Stargate Productions  ,,,,,,,
39929,Midnight Resistance,GEN,1991,Shooter,Sega  ,OperaHouse  ,,,,,,,
39930,Midori no Makibao,GB,1996,Racing,Tomy Corporation  ,TOSE Software  ,,,,,,,
39931,Midtown Crazy Race,And,2013,Racing,Jose Varela  ,Jose Varela  ,,,,,,,
39932,Midtown Crazy Race,WiiU,2014,Racing,Jose Varela  ,Jose Varela  ,,,,,,,
39933,Midtown Madness,PC,1999,Racing,Microsoft  ,Angel Studios  ,,,,,,,
39934,Midway Arcade Treasures,PC,2004,Misc,Midway Games  ,Digital Eclipse  ,,,,,,,
39935,Midway Arcade Treasures: Deluxe Edition,PC,2006,Misc,Midway Games  ,Digital Eclipse  ,,,,,,,
39936,Midway Arcade Treasures: Extended Play,PSN,2010,Misc,Midway Games  ,Digital Eclipse  ,,,,,,,
39937,Midway presents Arcade Hits: Moon Patrol / Spy Hunter,GB,1999,Misc,Midway Games  ,Digital Eclipse  ,,,,,,,
39938,Midway Presents Arcade's Greatest Hits,SAT,1996,Misc,Midway Games  ,Digital Eclipse  ,,,,,,,
39939,Midway Presents Arcade's Greatest Hits: The Atari Collection 1,SAT,1997,Misc,Midway Games  ,Digital Eclipse  ,,,,,,,
39940,Midway Presents Arcade's Greatest Hits: The Atari Collection 2,PS,1997,Misc,Midway Games  ,Digital Eclipse  ,,,,,,,
39941,Midway Presents Arcade's Greatest Hits: The Midway Collection 2,PC,1997,Misc,GT Interactive  ,Digital Eclipse  ,,,,,,,
39942,Midway Presents Arcade's Greatest Hits: The Midway Collection 2,PS,1997,Misc,Midway Games  ,Digital Eclipse  ,,,,,,,
39943,Midway's Greatest Arcade Hits Volume 1,DC,2000,Misc,Midway Games  ,Digital Eclipse  ,6.7,,,,,,
39944,Midway's Greatest Arcade Hits Volume 2,DC,2001,Misc,Midway Games  ,Midway  ,7.0,,,,,,
39945,Midwinter,Amig,1990,Misc,Rainbird  ,Unknown  ,,,,,,,
39946,Midwinter,MSD,1989,Misc,Rainbird  ,Unknown  ,,,,,,,
39947,Midwinter,AST,1989,Misc,Rainbird  ,Unknown  ,,,,,,,
39948,Midwinter II: Flames of Freedom,MSD,2014,Misc,Unknown  ,Unknown  ,,,,,,,
39949,Midwinter II: Flames of Freedom,AST,1991,Misc,Rainbird  ,Unknown  ,,,,,,,
39950,Midwinter II: Flames of Freedom,Amig,1991,Misc,Rainbird  ,Unknown  ,,,,,,,
39951,Miegakure,PC,2015,Puzzle,Unknown  ,Unknown  ,,,,,,,
39952,Miffy's World,WW,2010,Misc,Pan Vision   ,Pan Vision  ,,,,,,,
39953,Mig 29: Soviet Fighter,NES,1992,Shooter,Camerica  ,Codemasters  ,,,,,,,
39954,MiG-29 Fulcrum,PC,1998,Simulation,NovaLogic  ,NovaLogic  ,,,,,,,
39955,Might & Magic Heroes VI - Shades of Darkness,PC,2013,Misc,Ubisoft  ,Unknown  ,,,,,,,
39956,Might & Magic: Clash of Heroes,PSN,2011,Role-Playing,Ubisoft  ,Capybara Games  ,8.4,,,,,,
39957,Might & Magic: Clash of Heroes,XBL,2011,Role-Playing,Ubisoft  ,Capybara Games  ,8.4,,,,,,
39958,Might & Magic: Secret of the Inner Sanctum,NES,1992,Role-Playing,Sammy Corporation  ,G-Amusements  ,,,,,,,
39959,Might and Magic II: Gates to Another World,PC,1988,Role-Playing,New World Computing  ,"New World Computing, Inc.  ",,,,,,,
39960,Might and Magic III: Isles of Terra,SCD,1993,Role-Playing,CRI  ,CRI  ,,,,,,,
39961,Might and Magic III: Isles of Terra,PC,1991,Role-Playing,New World Computing  ,"New World Computing, Inc.  ",,,,,,,
39962,Might and Magic IX,PC,2002,Role-Playing,3DO  ,"New World Computing, Inc.  ",5.5,,,,,,
39963,Might and Magic VI: The Mandate of Heaven,PC,1998,Role-Playing,3DO  ,New World Computing  ,,,,,,,
39964,Might and Magic VI: The Mandate of Heaven,PC,1998,Role-Playing,3DO  ,New World Computing  ,,,,,,,
39965,Might and Magic VII: For Blood and Honor,PC,1999,Role-Playing,3DO  ,"New World Computing, Inc.  ",,,,,,,
39966,Might and Magic VIII: Day of the Destroyer,PC,2000,Role-Playing,3DO  ,"New World Computing, Inc.  ",6.3,,,,,,
39967,Might and Magic: Book I,PC,1986,Role-Playing,New World Computing  ,"New World Computing, Inc.  ",,,,,,,
39968,Might and Magic: Clash of Heroes,PSN,N/A,Role-Playing,Unknown  ,Ubisoft  ,,,,,,,
39969,Might and Magic: Clouds of Xeen,PC,1992,Role-Playing,New World Computing  ,"New World Computing, Inc.  ",,,,,,,
39970,Might and Magic: Darkside of Xeen,PC,1993,Role-Playing,New World Computing  ,"New World Computing, Inc.  ",,,,,,,
39971,Might and Magic: Gates to Another World,GEN,1991,Role-Playing,Electronic Arts  ,New World Computing  ,,,,,,,
39972,Might and Magic: World of Xeen,PC,1994,Role-Playing,New World Computing  ,"New World Computing, Inc.  ",,,,,,,
39973,Mightier,PC,2009,Misc,Ratloop Asia Pte Ltd  ,Unknown  ,,,,,,,
39974,Mighty Bomb Jack,NES,1987,Platform,Tecmo  ,Tecmo  ,,,,,,,
39975,Mighty Bomb Jack,VC,2007,Platform,Tecmo  ,Tecmo  ,,,,,,,
39976,Mighty Final Fight,NES,1993,Action,Capcom  ,Capcom  ,,,,,,,
39977,Mighty Flip Champs!,DSiW,2009,Puzzle,WayForward  ,Way Forward Technologies  ,8.3,,,,,,
39978,Mighty Flip Champs! DX,PSN,2011,Puzzle,WayForward  ,WayForward Technologies  ,,,,,,,
39979,Mighty Gunvolt,3DS,2014,Action,Inti Creates  ,Inti Creates  ,7.3,,,,,,
39980,Mighty Gunvolt Burst,NS,2017,Action,Inti Creates  ,Inti Creates  ,8.0,,,,,,
39981,Mighty Gunvolt Burst,3DS,2017,Action,Inti Creates  ,Inti Creates  ,,,,,,,
39982,Mighty Max,SNES,1995,Platform,Ocean  ,Ocean  ,,,,,,,
39983,Mighty Mighty Missile!,SCD,2004,Puzzle,Good Night Brave Warrior  ,Good Deal Games  ,,,,,,,
39984,Mighty Milky Way,DSiW,2011,Puzzle,WayForward  ,WayForward Technologies  ,,,,,,,
39985,Mighty Morphin Power Rangers,SNES,1994,Fighting,Bandai  ,Natsume  ,,,,,,,
39986,Mighty Morphin Power Rangers,GEN,1994,Action,Sega  ,Bandai  ,,,,,,,
39987,Mighty Morphin Power Rangers: The Fighting Edition,SNES,1995,Fighting,Bandai  ,Natsume  ,,,,,,,
39988,Mighty Morphin Power Rangers: The Movie,GG,1994,Fighting,Sega  ,Banpresto  ,,,,,,,
39989,Mighty Morphin Power Rangers: The Movie,GB,1995,Action,Bandai  ,Tom Create  ,,,,,,,
39990,Mighty Morphin Power Rangers: The Movie,GEN,1995,Action,Bandai  ,SIMS  ,,,,,,,
39991,Mighty Morphin Power Rangers: The Movie,SNES,1995,Action,Bandai  ,Natsume  ,,,,,,,
39992,Mighty Morphin' Power Rangers,GG,1994,Action,Sega  ,Banpresto  ,,,,,,,
39993,Mighty Morphin' Power Rangers,GB,1994,Platform,Bandai  ,Tom Create  ,,,,,,,
39994,Mighty Morphin' Power Rangers,SCD,1995,Action,Sega  ,Sega  ,,,,,,,
39995,Mighty Mulan,PS2,2006,Action,Phoenix Games  ,The Code Monkeys  ,,,,,,,
39996,Mighty No. 9,X360,2016,Platform,Deep Silver  ,Comcept  ,,,,,,,
39997,Mighty No. 9,PSV,2016,Platform,Deep Silver  ,Comcept  ,,,,,,,
39998,Mighty No. 9,PS3,2016,Platform,Deep Silver  ,Comcept  ,,,,,,,
39999,Mighty No. 9,3DS,2016,Platform,Deep Silver  ,Comcept  ,,,,,,,
40000,Mighty No. 9,OSX,2016,Platform,Eidos Interactive Ltd  ,Comcept  ,,,,,,,
